"","ID","condition","admiration","beauty","boredom01","boredom02","empathy","imagination","interest01","interest02","liking","nostalgia01","nostalgia02","isp01","isp02","isp03","isp04","isp05","ispa","distance","travelDistance","distancePre","travelDistancePre","dataLength","dataLengthPre"
"1","WYNODLJ9","W",2,4,3,5,2,2,2,2,5,5,1,2,3,3,3,3,2.8,6.0813518173842,332.438180715392,2.74165616396136,231.864346745608,5850,7272
"2","MOi4v5J8","W",2,4,4,4,1,2,2,2,5,2,2,4,4,4,2,4,3.6,7.32104986699416,420.748119328227,2.80719195591807,124.269300364359,5919,5297
"3","u8Z7yF3i","P",2,2,4,5,3,2,2,4,4,5,2,3,4,2,5,4,3.6,4.82258720458396,225.348978659246,2.60897490414122,164.580730867296,4131,6087
"4","vLLGYwuQ","P",3,3,5,5,2,2,1,2,3,1,1,1,3,5,3,3,3,8.82025939344834,539.946419429382,2.8514971126823,47.970290010257,5749,5192
"5","o38oYKfp","P",2,2,5,5,4,2,1,1,2,5,4,2,2,1,1,1,1.4,5.42849022296281,286.084166476067,2.56835684373831,70.5539715397318,5335,7250
"6","6eHhdnh7","W",1,0,6,6,1,0,1,1,1,0,0,1,2,4,2,4,2.6,8.72123844416605,0,2.89471447052563,24.9775079436053,2,90
"7","zSR8wJIw","P",1,0,5,5,1,1,1,1,1,3,1,1,1,1,1,1,1,6.83492235623241,521.975679449075,3.06845888107024,123.204092024913,5905,4279
"8","RCq8cneh","I",3,1,4,4,5,2,2,3,3,3,1,2,2,5,2,4,3,5.6521821839248,446.41444374663,2.8381218815395,131.319837969939,5872,1868
"9","ntmGztqW","P",2,2,5,4,3,2,2,2,3,5,2,2,2,2,1,1,1.6,4.28408604736793,286.165493741803,2.59847690405178,133.552972292467,5842,7068
"10","zSwL9V3t","W",3,2,3,3,3,3,4,2,3,3,4,4,4,4,3,3,3.6,3.90811507251688,275.570768420845,2.56693247301349,156.889259525596,5894,4009
"11","WQA2qOHT","I",2,2,5,4,2,1,2,2,3,4,2,2,4,2,3,3,2.8,6.75005616680611,331.450123338232,2.64077746640671,267.177536458506,2227,10243
"12","6jFG6dPU","W",3,2,4,4,4,2,3,3,2,3,4,4,4,4,4,4,4,8.32509668187584,433.769103747112,3.1759150633372,79.3335752230339,5855,2354
"13","TE87Rsqn","I",2,2,5,4,2,2,2,2,2,2,2,3,3,2,3,3,2.8,6.7124928883093,307.412974785625,2.94704535231176,205.837820470657,4839,2943
"14","aFZKms90","I",2,1,4,4,2,1,2,2,3,2,1,2,2,2,2,1,1.8,6.30692007083697,424.241739174553,2.8794531385243,73.0188772574289,5965,3526
"15","nhlRHMER","P",3,3,5,4,3,2,2,2,2,2,1,4,4,4,4,4,4,4.32254509558904,251.204014705208,2.24411473728393,345.708466228787,5898,24173
"16","bLjMXhWG","P",1,1,6,6,2,1,2,2,5,2,1,4,4,5,2,2,3.4,7.00350511286651,361.960624649527,2.3692348701742,57.9902383759711,3265,5078
"17","GuhKUaJM","W",1,2,5,4,2,1,2,2,3,2,2,4,3,4,3,4,3.6,7.02324297648414,280.710170289559,3.99946827276957,143.004861511615,5884,4820
"18","FZv4ZGmC","I",1,1,6,5,1,1,2,1,1,1,1,1,2,2,1,2,1.6,5.18968135520223,384.894354982276,2.40263209684564,305.0870419167,5928,15553
"19","Gxw3NXyW","W",2,2,5,5,2,1,2,2,3,1,2,2,4,5,5,5,4.2,8.53907469696471,222.316836900191,2.81359016188889,110.454648935435,2215,15868
"20","zeCvA0O9","W",4,1,5,5,4,2,1,2,2,5,1,1,5,2,5,4,3.4,5.3727474780629,169.711382139915,2.64496183743136,147.410961456453,5840,13250
"21","xWB7lD5B","I",1,2,5,5,2,1,1,1,1,1,1,1,1,2,1,2,1.4,8.39656398275441,373.501946557496,41.2375064927214,814.651390551596,5946,5233
"22","GEnsVFbL","W",2,2,4,4,3,1,2,2,2,2,2,4,4,2,3,4,3.4,5.11279127141257,280.098717859644,3,4.44089209850063e-16,4973,293
"23","oICkdWzT","W",2,3,4,4,2,2,2,2,3,3,2,2,3,4,2,2,2.6,5.10528927815411,293.919408790801,3,4.44089209850063e-16,5944,407
"24","gJSubfte","P",2,1,5,4,3,2,1,1,1,0,2,3,3,2,2,2,2.4,4.34004238229503,305.812574560377,2.64696951390906,76.7334903405668,23833,8995
"25","ZA5Sa66J","W",1,2,4,5,3,2,2,1,3,3,2,4,6,5,2,2,3.8,9.7436154526607,632.356574726225,2.76438589843087,125.740030359256,5339,6354
"26","7ynoik4n","I",2,2,5,5,2,1,2,2,2,2,1,2,3,4,5,5,3.8,7.24867768855169,245.412651924304,2.50736857491247,32.59817170834,4570,2383
"27","l6viA0Em","I",6,6,3,3,5,6,3,6,6,3,6,3,1,3,1,1,1.8,8.36925614320398,147.321490209001,2.87611305042289,27.6659882425476,5947,2484
"28","HFOvDTqZ","W",4,4,4,4,3,2,2,2,4,5,2,4,5,5,4,4,4.4,5.45123378711256,122.923990773776,2.98502269895883,81.5795028008165,494,2134
"29","m1jFBHWX","W",2,2,4,4,2,2,2,2,3,2,1,2,2,4,2,2,2.4,9.58289358130894,121.565363961753,2.78239030191441,75.8406923595307,18,117
"30","N1HV9USu","I",3,1,6,6,3,1,1,2,1,6,2,1,1,2,1,1,1.2,6.22868332738546,311.655540182422,2.90104822191272,104.530925436457,483,1292
"31","9VDOBFyk","P",4,4,5,5,2,2,2,2,4,4,2,2,2,4,2,2,2.4,5.75864537975996,387.965336090395,2.9330145927631,71.5806721942919,2981,2257
"32","y7xlSaEM","I",1,4,6,6,3,0,3,2,4,5,0,1,6,6,4,4,4.2,6.4530125832369,408.076001319466,2.7847994787322,291.338305809764,5782,7431
"33","aWwama1t","P",2,1,5,4,3,2,2,2,2,4,1,2,3,4,3,3,3,6.25157463251901,418.304010312607,2.59304766447157,35.0819409751948,5971,773
"34","pyNuPgUx","I",4,2,2,2,4,3,4,4,4,4,1,4,4,5,4,4,4.2,12.4350287767674,319.804353753853,3,4.44089209850063e-16,5918,293
"35","iJk3ovEL","W",1,1,6,6,0,1,0,0,0,1,1,1,1,1,1,0,0.8,8.72123844416606,168.288236385427,7.80428425807374,907.645561031509,3859,14119
"36","5lUxwLeT","P",1,1,6,6,2,2,1,0,1,0,1,2,3,1,3,4,2.6,5.01154708026304,220.369591862136,2.94057504666076,29.2185873088444,5879,2560
"37","HI60dSsE","W",3,2,4,4,4,1,2,2,4,4,2,2,3,4,3,3,3,4.66550260459485,305.1250236223,2.8848852546589,94.4182296755794,5946,4209
"38","Ebi5Cu3y","P",1,3,5,5,1,4,3,2,3,1,1,2,2,4,2,2,2.4,5.5169678082509,259.335425582822,2.91706692331008,135.047883693755,5877,7953
"39","hae2IVdS","P",4,3,2,2,5,4,4,4,4,4,4,4,4,4,6,6,4.8,7.72412745398451,474.133688802551,2.68241886882495,61.3714513481567,5938,2020
"40","N6Nc0Vpo","I",2,1,5,5,2,1,1,1,1,1,3,1,1,0,1,0,0.6,8.24249775200552,213.153246051191,2.8797221351645,58.2132120265853,4337,2148
"41","3u8SWy88","I",3,2,5,4,4,1,2,5,5,3,1,2,5,2,2,3,2.8,5.12927379963098,306.17483766104,3.08666187514075,72.4427577411857,5932,5476
"42","HO70jG9R","I",1,2,5,5,1,1,1,0,1,2,1,1,2,1,2,2,1.6,7.18759072258565,273.862809968305,2.93189556530022,65.585464936996,5944,1717
"43","C36kQB5i","W",1,3,6,5,1,2,1,1,1,3,3,1,1,1,2,2,1.4,5.45335094229066,132.178400120515,3,4.44089209850063e-16,5908,342
"44","Rs6JXaCK","I",2,1,3,3,4,2,3,2,3,3,2,2,3,3,4,4,3.2,7.71656406143962,545.183780591424,2.62066744871837,52.5947249736463,4859,2389
"45","KzDki6Qw","P",1,4,4,5,4,3,3,1,3,2,1,3,1,3,1,1,1.8,4.26940952006283,176.411638682841,3,4.44089209850063e-16,5872,589
"46","CUWqidMh","W",4,3,3,2,4,4,5,5,3,6,6,6,6,6,6,6,6,8.72123844416606,16.7059172961467,3,4.44089209850063e-16,5932,268
"47","AkXF3KOK","P",3,3,2,2,4,4,3,4,3,3,2,3,4,4,5,3,3.8,11.8962188674664,244.55535210716,2.93634499515921,61.5222128055136,5902,9851
"48","WX3w89d7","W",6,6,6,6,6,0,0,0,6,6,6,6,6,6,6,6,6,3.1118952417393,368.625164517665,3,4.44089209850063e-16,4032,252
"49","GpJfeuwB","I",1,1,6,6,1,1,1,1,1,1,1,0,1,0,0,0,0.2,5.63182892660915,323.433764015643,2.03677697116281,90.7610420609602,5952,1926
"50","iQjmesHH","W",2,2,5,5,2,1,1,4,5,5,5,4,4,2,4,4,3.6,4.45969446498904,204.7615532538,2.30909211051133,151.09500229065,3885,6304
"51","z60roiQm","P",2,1,5,4,2,2,2,1,1,4,2,2,2,1,1,2,1.6,7.73356238788011,249.848245303064,2.99711383091762,57.640795736659,5917,4547
"52","kKPRH67n","W",2,5,3,4,2,0,3,4,6,0,0,2,4,5,3,2,3.2,8.72123844416605,0,2.83475544276437,54.7142935931064,2,1134
"53","IAWVruL7","W",2,2,4,3,3,2,1,2,2,1,1,2,1,2,1,2,1.6,6.23796769492695,549.053079475163,3,4.44089209850063e-16,5964,310
"54","g3FnTMwz","I",4,2,3,3,3,2,4,4,4,5,4,2,4,5,5,5,4.2,4.84624342003417,188.720324522952,2.98348491251269,77.9830181083477,3554,7470
"55","ISiWItJR","P",2,0,6,6,2,2,2,1,1,1,2,2,2,4,2,2,2.4,6.4134767258027,389.046691494993,2.73765550991992,34.4831531894698,2165,1913
"56","pyFUT4Lk","W",3,3,6,5,1,1,1,2,4,3,2,3,4,6,3,3,3.8,6.84358798728798,241.829972445917,2.78987125783282,105.677603518228,5117,7605
"57","6mMApe56","W",1,1,6,5,2,2,2,1,4,6,1,6,6,6,6,6,6,6.61013889695242,516.936048463438,3.3862689050904,610.307935612088,5804,16869
"58","ZvWibp3R","P",4,4,5,4,4,1,2,2,5,2,2,2,2,4,2,2,2.4,6.70490942569931,312.59016645408,3.37062699125783,150.992993936955,5172,6019
"59","m3QBdv16","P",3,2,5,4,3,4,3,2,2,4,4,4,5,4,6,5,4.8,6.63625124418463,196.947056063494,2.76341270332927,78.5435991793789,5819,12686
"60","A1EM0Jlo","I",2,2,4,4,3,2,3,3,3,4,4,2,2,3,2,2,2.2,4.48654323402103,150.747095017199,3,4.44089209850063e-16,5929,398
"61","vu20txw5","W",2,3,4,4,4,2,2,2,3,4,2,2,3,4,4,4,3.4,8.72123844416605,0,2.65851651163951,83.0705733675275,2,4627
"62","jbru6YCp","W",4,3,2,2,3,4,5,4,3,5,5,5,5,6,5,5,5.2,4.71924310431125,387.082711849081,2.53069842306264,56.3646262259878,5952,1226
"63","FlpwWT1Y","P",3,2,5,4,2,2,1,2,3,2,1,4,4,5,3,4,4,6.18675476940604,357.94513007321,2.87252040819422,43.6444429087751,5831,8393
"64","QhmaroPF","P",3,3,4,4,3,2,3,3,4,4,2,2,3,4,3,3,3,8.54661386981952,203.578640747145,2.99052332585523,34.8515969831775,2956,3611
"65","tal2DLDz","P",2,3,4,3,4,3,3,3,3,4,4,3,4,4,5,5,4.2,8.4443418229027,493.406345482109,2.95150549616247,81.3501554606964,5746,3021
"66","r4DlVb7e","I",4,4,4,4,3,3,4,2,4,3,2,2,2,3,4,4,3,6.3567286725567,313.131441942154,2.59566933876687,149.763238229406,5867,7173
"67","erwlMAMM","P",1,3,6,6,0,1,1,0,2,2,1,1,2,3,2,2,2,6.14801791882147,508.509621319622,2.49211354292623,50.45282011867,5720,6518
"68","WouYNWl1","P",1,2,5,6,1,0,1,1,1,2,1,1,3,4,2,2,2.4,5.0777728535001,293.193767623553,2.75985672801705,101.759130244774,5918,10224
"69","Sq5cz1uQ","W",2,1,5,4,2,1,2,2,3,2,1,3,4,5,3,3,3.6,11.5059288906376,64.7268209386477,2.76142654879318,45.4659759175307,1668,4692
"70","TjGxlOfS","W",1,0,6,6,2,1,0,0,1,0,0,1,2,0,3,3,1.8,2.66412844500949,217.29908808488,3.2737753472551,41.7817851905801,5877,633
"71","lphXrfk2","P",3,2,4,5,3,3,2,2,3,3,3,4,4,4,4,3,3.8,5.51482434795745,298.956175223082,2.73137780479706,127.418614510693,5912,4207
"72","9DBbfuHd","I",2,2,4,4,2,2,1,2,3,3,2,2,4,4,4,4,3.6,6.73154953001782,122.652678415404,2.81783782300384,144.256571865671,172,574
"73","iQ49E4dD","W",1,5,5,4,1,2,1,1,4,1,1,2,1,2,2,2,1.8,5.79220997274756,227.053344910863,3.02706965518859,59.4693266086728,5523,796
"74","IBjfyG1a","I",2,1,6,6,2,2,1,1,1,0,0,2,3,1,3,5,2.8,4.07539865452982,192.890413507762,3.13688338715978,108.388130464812,5782,998
"75","520QkEiq","I",4,4,3,3,3,3,3,3,4,3,2,2,3,5,2,2,2.8,46.328679340866,87.6468139912935,3,14.676794109456,7150,989
"76","7nbpUOOZ","P",0,2,5,4,4,0,0,0,4,2,2,2,4,2,2,2,2.4,4.61898499625747,348.032999336778,3.27523757954677,150.278023815657,5723,5308
"77","YN2aAfH7","P",1,1,4,5,2,1,1,1,3,1,2,2,3,4,2,2,2.6,6.71459964792023,459.123313234564,2.79372094310896,89.2754632136088,5723,4338
"78","1YYqrfoY","I",0,0,6,2,1,0,0,0,4,0,0,1,1,1,1,1,1,8.0251085899598,435.227357726622,2.99454880138149,100.661611382307,4980,2498
"79","DTb8w3sa","P",2,1,4,3,4,2,1,1,2,3,2,2,2,2,2,2,2,4.99948754483591,262.768121306266,2.64772536689322,53.6520969738284,5881,1468
"80","Oytf1qSp","W",1,1,6,5,2,1,1,1,2,2,1,1,3,3,2,2,2.2,6.17195786394295,463.386083215954,2.90564682689983,166.129386615745,5870,3756
"81","c4O3IvFd","I",3,2,2,2,4,4,4,2,2,5,4,4,4,5,3,4,4,6.23902115403043,56.4419602577725,2.72097212118963,36.3987605782581,73,291
"82","CxyuRJ1s","W",2,2,6,5,1,4,1,2,2,1,1,1,4,4,4,4,3.4,8.72123844416605,0,2.58119380377731,17.4255981074722,5954,1821
"83","c3UQ91jq","W",0,0,6,6,0,0,0,0,0,0,1,0,1,0,1,1,0.6,7.58664276582962,282.322111246887,3,38.2148412402296,3789,2196
"84","RAkF1zvw","W",1,1,5,5,1,1,1,1,1,1,1,1,3,3,3,3,2.6,8.46306406268768,493.860932136816,3.04814155886265,314.419239400061,5927,18427
"85","YcZZXQ3c","W",1,0,6,6,1,1,0,1,1,1,1,1,2,1,2,2,1.6,3.90099335023049,124.266461909228,3.09474101881072,128.152023708011,5895,690
"86","IYiHxMgO","P",2,1,6,6,3,0,0,0,2,1,2,1,2,3,2,2,2,4.99785167666888,267.585153917432,2.83576357226884,120.801770704693,5873,3501
"87","4NoxlPDI","I",2,3,4,4,3,2,2,2,3,2,2,2,3,3,3,4,3,6.97182462270341,121.258233579571,2.7007300380997,140.478749174251,455,4082
"88","E9xnwhy1","P",2,1,4,4,2,2,2,2,2,2,2,3,3,2,2,2,2.4,8.76390403436257,22.1012186656386,2.78099328524932,45.5474988098889,59,263
"89","bdDz8yb3","I",3,2,5,2,3,1,2,2,3,3,2,4,2,3,4,5,3.6,6.99847823679023,234.109972988751,2.89111518881235,173.279599267817,5878,5657
"90","057d8Z6W","W",3,3,5,5,3,3,1,1,2,4,1,3,3,4,4,4,3.6,8.55552428883261,291.048504472241,2.88088287408665,170.901610824926,5740,5351
"91","9NTbLFbF","I",0,0,6,6,1,1,1,0,0,1,2,1,2,2,1,1,1.4,6.16038311679161,179.966737591972,3.01008215706473,144.023459754269,5455,3296
"92","nTB9sYY3","I",2,2,5,6,2,2,2,2,4,2,1,1,3,4,2,2,2.4,8.594777477876,147.322106324746,2.91716815264463,101.0258489383,4792,4867
"93","A3ICMJYO","I",2,2,4,4,3,3,1,2,2,3,3,3,4,4,4,4,3.8,3.60947098576538,137.513071379424,2.61536038426322,373.620944991574,5273,5349
"94","yOXIZ4Uq","P",2,2,5,5,4,1,1,1,1,5,4,2,3,2,2,2,2.2,5.37479451879044,515.217796532932,2.69152262492492,52.9311775220688,14243,10026
"95","d5teinPu","W",1,4,6,5,1,1,1,1,5,1,0,1,4,5,5,5,4,7.81425202139138,221.974361924262,3.07400994559744,92.5348040170737,1772,1716
"96","vIuKEroz","I",3,4,4,4,3,2,2,2,3,5,2,1,3,4,2,2,2.4,5.92276620587397,280.376788999675,2.73876345901218,159.601741240931,4605,14185
"97","dsWgE34Y","P",3,4,4,3,2,2,3,3,3,5,2,4,5,4,2,2,3.4,6.78813934705797,395.50227724479,2.90654266363964,122.774447024477,5925,7656
"98","iyXPE9fX","P",2,2,4,4,2,2,1,2,2,2,1,3,3,4,3,3,3.2,5.88545754837649,393.19200625144,2.01942351374959,44.2535200740134,4637,3660
"99","dqojcll0","W",4,2,5,4,4,2,2,2,4,4,2,2,4,4,2,4,3.2,7.66328066069155,595.676628253194,2.02741784199229,143.317871557705,4505,3890
"100","sDAXLRV6","P",2,1,5,4,2,2,2,2,1,1,2,3,4,2,4,5,3.6,4.11854112102376,56.4162643045827,3.06880209460171,58.6278051424218,5450,537
"101","A4QYxCv6","P",1,1,5,4,5,1,2,2,2,4,1,2,3,1,4,3,2.6,5.65622608053828,422.196639962844,4.30124438809358,165.588781988764,5812,6425
"102","U58bwJOW","I",2,4,4,4,4,3,2,1,3,3,2,2,4,4,4,3,3.4,6.28028158637504,455.035430012615,2.86864137613004,142.070073930449,5888,7450
"103","FsJr4bxl","W",3,5,2,2,4,3,4,4,4,5,3,4,4,4,4,4,4,5.87768715918364,502.00791188132,2.85664861231115,48.5742041978413,3930,1873
"104","cfIBQaib","P",3,2,4,4,3,2,2,2,3,4,2,2,4,4,4,4,3.6,6.38765548351235,186.989308134617,2.68351403845952,115.746700454909,5899,7658
"105","QqiWVpNk","I",5,3,3,2,3,2,4,4,4,5,5,4,3,5,2,3,3.4,6.25206226571608,350.068977663968,2.93226013205134,137.497917794647,5826,3864
"106","o8JEpRno","P",2,4,5,4,4,2,2,2,5,1,2,4,5,5,5,5,4.8,10.9648642349799,221.90240621456,3.8662533478802,268.45095713281,1481,6410
"107","cb1G154G","I",2,2,4,3,3,2,1,2,2,3,3,3,2,2,2,2,2.2,7.99671802398535,550.334204564757,2.94137937399563,110.601985300752,4232,2482
"108","yV8kNtdd","I",1,2,5,5,1,2,1,1,1,3,3,2,2,3,2,2,2.2,7.34903990808861,280.706056156681,2.81607623720214,48.5460295490064,2756,2100
"109","B5Tsyqro","P",0,0,6,6,0,0,0,0,0,0,0,0,0,0,0,0,0,5.71309021575206,197.49499086575,2.52776848186603,44.6951616468422,5199,3175
"110","euiQx3oA","I",3,4,4,4,4,2,4,3,4,1,1,2,2,4,2,2,2.4,5.76636549041644,602.540598526697,2.78796123875431,213.102728593844,5768,7152
"111","Un1gh0Dp","W",4,2,2,2,3,3,3,4,3,4,4,4,4,4,5,5,4.4,8.72123844416604,0,2.99387117676102,153.497901971208,5932,8421
"112","dUHOLYPl","P",2,1,5,5,5,4,2,2,1,6,6,4,5,1,5,5,4,6.73009442520994,480.247542766352,2.95285944752991,174.341766106356,5528,3807
"113","4LMDUWX9","P",2,1,5,4,3,2,2,2,3,3,2,2,3,3,3,4,3,8.35926466413415,475.037577765867,3.00678749603648,64.9332321382868,5510,1435
"114","Y3UQHbNF","I",2,2,5,5,2,1,2,2,3,4,0,3,5,6,5,6,5,7.96275659093958,101.99144817978,2.95436417508444,35.6249158123357,287,399
"115","C99JHXxy","W",2,2,4,4,2,2,2,2,3,2,2,2,3,3,3,3,2.8,9.09777779045366,245.164527782925,2.92116613953519,127.80328802478,5835,5947
"116","bhan7Qd8","P",2,3,4,4,5,2,2,2,4,3,2,2,2,4,4,4,3.2,6.73131563784667,488.732587493944,2.73979994940476,78.371335835934,5940,6188
"117","ZZsunNLM","I",3,3,3,2,5,2,3,2,4,5,5,4,4,5,5,4,4.4,6.1821707092502,491.097312186372,3.03620615407873,211.953668708351,5569,6947
"118","4gyczoXA","P",0,0,5,5,2,1,1,1,1,2,1,1,4,1,3,4,2.6,9.42472446812359,463.157401249128,2.72773534332187,57.2382725779566,2060,4954
"119","Rd5nbgDk","P",2,0,6,6,4,0,0,0,2,1,1,1,2,2,2,2,1.8,4.59613952125648,220.689293397255,2.24573823074346,107.248024490417,5941,3090
"120","mt3dxGXR","W",3,2,4,3,4,2,2,3,2,5,4,2,3,4,2,3,2.8,8.84329830751097,152.138409666055,2.89915474231351,144.124931367384,80,558
"121","ftpCppsI","I",4,2,3,2,3,4,2,2,3,2,2,4,3,5,4,4,4,8.63973917004255,129.756258843654,3.30556972644418,44.4630103905185,5533,11163
"122","yTvudxhE","W",4,2,4,4,3,2,2,2,2,4,4,2,2,4,4,2,2.8,7.60207454414581,420.042514517405,2.55086017106327,20.1306539397931,5907,3507
"123","pdkzp9Gp","W",3,2,4,4,2,2,2,2,3,1,1,4,4,5,4,5,4.4,4.93022395695356,370.350422803869,3.62899208628523,49.6718191949696,5800,1799
"124","lI30TcZK","P",3,3,4,4,3,2,2,2,4,4,2,2,4,4,3,4,3.4,4.55512770728877,224.956466718282,2.72880901973624,26.2629263674316,5917,1275
"125","YzrKzsXL","P",2,2,4,4,2,2,2,2,2,4,2,2,2,4,2,2,2.4,8.82933332515701,575.041889619873,2.4166590716272,52.7513582585995,5264,2444
"126","3RMLCvFV","P",2,1,5,4,3,2,2,2,3,4,2,2,3,3,4,3,3,8.2030212283113,422.175699034335,2.94261109502618,123.454348079325,5288,4020
"127","TqbQWuYN","W",2,2,6,6,1,1,2,1,3,1,0,2,2,4,1,1,2,6.3462791016146,313.553514314376,2.51633229360168,61.5492637115116,4662,6379
"128","6Bk3VTw7","W",3,2,3,3,2,3,1,2,3,3,2,4,5,5,3,4,4.2,2.5580120654459,41.1646588920186,2.81500055900962,68.0283330327409,94,691
"129","T4SfeocC","P",4,4,2,2,4,4,3,3,3,4,3,3,3,3,3,3,3,8.72123844416605,386.744872605188,3,4.44089209850063e-16,2946,63
"130","BfNMnKa6","W",3,2,5,4,2,1,1,1,2,2,2,2,2,2,4,4,2.8,7.62741184143031,170.87638706503,2.59019183082191,63.7561908889768,5912,6578
"131","cEps00RW","I",2,1,6,5,1,1,0,1,0,1,3,1,5,2,6,6,4,7.14974696721548,237.762898256008,2.7511356042948,35.5642282240869,5895,3235
"132","febTrT3r","W",4,2,4,4,4,1,2,2,2,4,4,1,2,4,2,3,2.4,8.01604138503773,184.260971523795,2.71068575428307,22.5765563043553,137,106
"133","WaPCzFgZ","P",3,3,3,3,5,2,3,3,3,4,4,4,4,4,4,3,3.8,4.60879471230709,375.616788685291,2.67908202638398,180.598175803458,14249,9085
"134","HjX2HdqK","I",5,4,5,2,4,1,2,1,1,2,2,2,4,2,5,5,3.6,4.66058030115402,394.972471429469,2.48209665115329,394.418087552238,4818,12294
"135","uws3bgpd","P",4,1,5,4,4,1,2,2,3,1,4,4,4,2,5,5,4,7.54924360192959,302.135262390293,2.92195110222498,35.574233006364,4619,2739
"136","ssp6WxbH","I",2,2,2,4,3,2,2,2,3,1,2,4,5,5,6,5,5,6.98971560498446,213.258754604178,2.98979130697567,14.2355421791823,1251,920
"137","MQ6RsTMb","W",2,1,4,4,3,1,2,2,2,5,4,2,1,4,4,4,3,5.46995653082227,424.885102940928,2.6396228180472,112.584724799821,5672,8497
"138","LoFHf7qC","I",3,3,4,4,3,2,2,3,3,3,3,2,3,3,3,3,2.8,8.42199586812705,401.139914518041,3.03050807543949,75.6694911790502,5778,3485
"139","n1sAihH4","P",2,1,4,4,3,1,2,1,2,2,4,2,3,1,2,2,2,4.73274757987254,356.453108869972,2.83738121706776,158.212822374049,5918,3709
"140","LmrcJkFW","P",3,3,4,4,3,2,2,2,4,3,1,3,4,5,3,3,3.6,6.46614930803895,502.189405609839,2.85655975982402,854.35747267227,5836,21714
"141","RmMgPsPL","I",0,0,6,6,1,0,0,1,1,1,0,1,1,0,0,0,0.4,8.31833439486267,768.114997130766,2.7307639431441,253.319788163464,5539,4485
"142","nNBWqpAt","W",1,1,6,5,1,0,0,1,6,1,0,0,1,5,0,0,1.2,7.09321152063056,271.723839471172,2.70845983596254,87.4495906814146,5360,5094
"143","xJmgq1K2","W",2,2,5,5,2,1,2,1,2,2,2,2,2,2,1,2,1.8,5.06354930641747,383.75841850405,2.7911965149686,84.8019204553544,5730,10951
"144","9jXs8QiZ","P",3,2,4,4,3,2,2,2,3,2,3,4,4,3,4,4,3.8,10.176767837686,1347.55125586189,2.89442775311224,214.192401548597,5792,3487
"145","XJgQNmCX","I",2,2,4,4,2,2,2,2,3,2,2,3,4,2,3,3,3,5.52665718376262,200.350139022271,2.70139799924613,100.455961802393,5851,9087
"146","Fv3NEdJf","P",5,5,2,2,5,4,4,4,4,2,0,6,6,5,6,6,5.8,7.62164358219445,265.026048353598,2.57578475711401,32.2865297136627,114,167
"147","03Slzy0g","W",2,1,6,5,2,1,2,2,2,3,2,2,4,4,3,4,3.4,7.0105871589175,230.919700429309,2.89221117418644,86.8466260132753,5835,6158
"148","Jtcm6tYK","W",1,1,5,5,2,2,2,2,1,1,1,2,3,3,2,2,2.4,6.36976241463825,120.538257035179,3.00755627937858,54.7308006153558,286,299
"149","2Zc5FlKA","P",1,2,4,4,3,1,2,2,2,2,2,2,3,1,2,2,2,6.27480625286078,606.501361621655,2.65188380976772,117.686107038236,5857,3286
"150","IHFcnnZf","P",2,3,5,4,4,3,2,2,2,2,2,4,4,3,4,3,3.6,7.84770899088369,434.313020191042,2.64623065244488,84.9112628242892,3886,6084
"151","DWz62y0a","I",2,2,6,6,1,1,1,1,4,2,2,2,1,4,3,3,2.6,7.24481945887255,261.604714902222,2.72912498395708,89.0232592642069,5952,4053
"152","yhoaciSV","W",2,3,4,4,3,2,2,2,3,3,4,2,3,2,3,3,2.6,8.72123844416605,75.2959476432231,3,73.1944881227919,577,4533
"153","Ft2T3FYk","I",2,4,4,5,0,1,1,1,4,1,1,1,4,5,4,3,3.4,5.06602192221983,160.135393117489,2.73180586976296,100.676839736066,5775,9022
"154","viUfSAwz","P",2,1,4,4,2,4,1,1,1,4,1,4,5,4,5,5,4.6,6.08387212963622,245.078929347563,2.69384560406285,138.329218632483,5296,7487
"155","3XRNNCsq","W",0,2,5,5,3,1,2,2,2,2,1,1,3,3,2,1,2,6.95611124641208,436.842093603802,2.78060216445056,65.1733863017448,5230,5694
"156","Kl8gJ3gg","W",3,3,5,5,1,2,1,2,6,2,1,2,1,5,2,2,2.4,7.02266150922473,351.237825538891,2.72543425740311,157.874359391115,5941,9324
"157","NjjszkUm","I",2,2,4,4,4,4,2,2,2,2,2,5,5,3,6,6,5,8.11259262404517,929.99500615627,3.01058372505484,300.860432440524,5954,6281
"158","Ys6oZnJG","I",2,1,4,4,2,2,3,2,3,2,1,2,3,4,4,4,3.4,6.70204359401822,251.479871753498,2.77942896846696,113.254482698972,5611,6680
"159","tFx4clLL","W",4,3,1,2,4,5,3,5,5,5,5,3,2,5,2,2,2.8,7.74870710679214,866.337974157271,3.2915093038417,435.75125586946,5851,4852
"160","4VozozK1","W",2,2,5,6,2,0,0,1,2,2,0,1,2,3,2,2,2,5.73089205411465,439.109066386109,2.64730582839942,144.134214459241,7384,6875
"161","FSXokMnv","W",2,3,5,5,1,1,2,4,4,2,1,1,5,6,2,2,3.2,7.35212546666836,247.101633996549,2.80039699301763,36.6236535789322,5867,7720
"162","FnpIt4IE","I",1,2,6,6,2,1,0,1,1,1,1,1,1,2,2,2,1.6,7.74300843172874,372.685837107623,3.87064080878331,238.717679200227,5904,7015
"163","rSJ9A6s2","W",2,2,5,5,2,2,1,1,2,1,1,3,4,4,5,5,4.2,7.09692325486131,304.306763980704,2.77961319966286,72.2147083897757,3855,9803
"164","49QsdujI","I",1,2,5,5,2,1,1,1,3,4,2,1,1,2,2,2,1.6,4.81282125513032,320.048224098841,2.4090780321765,277.523830582974,5884,8794
"165","TJukkgeS","I",3,3,3,3,4,3,3,3,4,3,2,2,2,4,3,3,2.8,7.17267643950631,261.255403824935,2.44883310453216,21.4485170597619,7434,2256
"166","FZl1Zg0i","I",2,2,4,3,2,2,2,2,3,2,2,2,4,4,5,4,3.8,8.72123844416605,46.3569644133259,2.11152963777696,199.577289531199,5648,4618
"167","PJqB4jDF","P",6,3,6,2,6,2,2,3,3,6,4,1,3,6,6,6,4.4,7.72110512008475,368.30732821664,3.10665304558115,159.305839017579,329,1036
"168","XbVXRuMt","W",2,2,4,4,4,2,2,2,2,3,3,2,3,3,4,4,3.2,7.66871624537297,368.133569977882,2.92299017927736,204.679425445143,1644,2650
"169","lAEZ2LVT","P",3,3,3,3,4,4,3,4,3,3,4,3,4,4,4,3,3.6,11.0296783139203,237.705838711982,2.82497214931814,45.7151263123168,122,287
"170","TsmYBlLH","I",4,4,4,2,4,2,2,4,5,2,1,4,2,6,2,2,3.2,6.93631989406842,205.603410854555,2.58299447576064,52.4956036955738,5925,6714
"171","8JFFiepc","P",3,2,3,4,4,3,3,3,4,4,3,4,4,4,5,4,4.2,6.96855640848378,259.166074002348,2.65077911192527,149.81410572389,5942,4110
"172","CEpLAjE6","I",2,1,3,2,5,4,4,4,3,6,5,4,5,5,6,6,5.2,6.59009241866836,416.40263018224,2.63234501447729,295.39498223753,5925,13174
"173","Dgmwbshd","P",4,4,4,3,2,2,2,2,3,2,3,2,2,1,0,1,1.2,5.79447386574406,511.112030364722,2.63500723125203,136.338911010843,5893,5045
"174","TP1ZbJTP","I",3,2,4,5,2,1,2,2,2,4,1,2,3,4,3,4,3.2,6.05503008937963,512.119756438347,2.55101509634922,144.831966181195,5864,4298
"175","uCmI4h8S","W",2,1,5,4,3,2,2,1,2,5,5,2,4,2,5,5,3.6,5.69464407695854,245.553533458733,2.79775661708603,40.2336396020366,1282,1734
"176","OvRA2SQm","P",1,1,5,6,2,2,1,1,2,2,0,1,2,2,5,5,3,6.91148821701137,396.283568128538,2.63724759284333,52.4133447462783,5927,5945
"177","KhzV43se","P",1,1,3,0,5,4,4,3,3,6,2,2,2,5,1,1,2.2,6.3511039199632,358.388126029933,2.4350008207916,88.4848616736301,5886,4397
"178","5exeKsOv","W",2,3,4,4,2,2,2,2,2,2,2,2,3,3,3,4,3,7.67167406944009,56.2666711306723,2.55391397835725,38.6089253336474,5803,9595
"179","1VkhDMUn","P",3,2,4,2,3,2,2,3,2,5,4,4,3,3,4,4,3.6,6.42521134603988,368.773360179713,2.52566957760997,152.186202902932,5952,5781
"180","s8N6fBFt","P",3,2,2,3,5,2,5,4,5,5,3,5,4,5,6,3,4.6,7.53985094436726,495.723648590577,3.81942783005316,315.20075840693,4703,7184
"181","XabbF2AN","P",2,1,4,4,4,1,2,2,2,3,2,2,3,1,3,3,2.4,8.18215213270493,407.300825013815,3.00246910601445,159.746625300909,1848,21494
"182","HI2futSu","I",2,4,5,4,5,1,2,2,4,4,2,2,2,5,4,4,3.4,5.66122325962829,164.754552700195,2.80523641109962,50.4327048586235,2464,3507
"183","hwU7BL1X","P",1,1,5,4,1,1,1,1,3,1,1,1,1,2,1,1,1.2,5.29559908998072,473.498363241921,2.95366614188488,89.599807749722,5870,4874
"184","GD6yo6JH","P",2,2,4,4,2,2,2,2,2,1,2,2,4,2,2,2,2.4,7.98940947954257,247.459499778901,2.67499608144966,75.8123219407053,5919,4039
"185","0LbIayBj","W",3,3,2,2,2,2,2,3,2,2,2,5,4,4,4,5,4.4,7.76398539208745,389.598055483414,2.9946482231666,95.174774088103,5960,3606
"186","yt7UFdu0","W",2,3,4,4,2,1,2,2,3,2,1,2,3,4,3,3,3,7.34028275591201,308.614066205635,2.76864306953797,127.442206317806,5022,9771
"187","1kctvF1k","W",2,3,5,5,1,1,1,1,2,3,2,1,2,4,4,1,2.4,5.68568419299458,272.820012081528,3.02800169598314,87.9442847083992,5929,4362
"188","RF9ahvyx","I",1,1,4,4,5,1,1,1,2,4,4,2,2,3,2,2,2.2,11.1429798980655,918.67843535066,2.81799766895335,404.150531998477,5963,5761
"189","YrxbmnlQ","I",3,4,4,3,3,1,2,4,4,5,2,2,5,4,3,3,3.4,5.68708449364769,422.040033934167,2.76935610652502,181.732249529988,5951,13839
"190","woCt2WqQ","P",2,2,4,4,3,1,2,2,4,1,1,1,2,4,4,3,2.8,5.81646796777639,273.222183089685,2.73630945150734,127.161496093647,5422,5378
"191","OSW60kmu","I",2,2,4,4,2,2,3,3,3,3,3,2,2,3,3,3,2.6,5.90359303731772,348.293363513743,2.31198364311812,99.6018050657447,5944,5518
"192","mtZGOV6G","I",2,6,2,3,6,1,3,5,5,6,5,1,3,5,6,6,4.2,5.49027395722224,340.767002363908,2.73822518965939,74.169119119256,5887,4771
"193","FygByLSl","I",3,6,4,5,5,1,1,2,5,1,0,4,2,5,4,4,3.8,6.6938662461486,457.740431246815,3.14758008582617,94.3292531834719,5900,1968
"194","qts9bqxw","P",0,1,6,6,4,2,1,1,2,5,5,2,3,2,6,6,3.8,7.25123046804381,445.535189927902,2.9834426357588,85.2145866411177,5737,9442
"195","dUueuOA2","P",0,2,6,5,3,0,0,0,2,6,0,1,4,6,2,2,3,6.93438782098866,446.262151408906,2.14759382807239,81.8592210095936,5865,8486
"196","FYuKTEGn","P",4,4,2,2,4,3,5,5,3,5,3,3,4,5,5,5,4.4,6.1088509494558,229.457911156584,2.69255368625658,102.939022535604,328,1131
"197","tnxAWlGz","I",3,3,4,3,2,1,2,2,3,4,2,2,3,5,2,2,2.8,6.22796893398914,285.2777780746,2.57236266962898,95.1766438638266,4717,4206
"198","xNDnQIWT","I",5,6,3,2,5,4,4,4,5,3,4,5,5,6,5,4,5,7.78298102765049,137.075145611618,2.85200067697024,53.392523832829,5827,8444
"199","LLWbHHDM","W",3,3,3,3,3,3,3,3,3,5,4,3,4,3,4,4,3.6,6.58277611200028,308.834463437499,2.62417372797212,92.5085079747558,5838,4100
"200","xVMRzpq4","I",1,4,5,5,1,2,5,5,5,4,1,5,4,6,5,4,4.8,7.67843626740008,978.289828896061,2.73281385026051,61.4962930079222,5842,6193
"201","zTiGxCQy","P",2,2,5,2,3,3,2,1,2,2,2,3,3,2,3,3,2.8,6.49720931532288,244.642695521532,2.56990876232999,57.2931268653739,1812,3165
"202","KL7rITcF","P",2,3,4,5,1,1,1,2,3,2,1,1,5,4,4,4,3.6,8.95546655859216,588.10573108722,3.03016073837559,189.793055096029,5785,6010
"203","q7i7uCRr","I",1,1,4,4,2,2,1,1,1,5,3,0,2,3,3,4,2.4,6.72830683018113,611.360089417694,2.83206927940456,145.017294383804,5914,19656
"204","i9SopNPc","W",2,2,4,5,2,2,2,1,2,4,1,2,4,2,2,3,2.6,6.8925587033863,511.734330737463,2.45867708088878,141.666577881178,3644,5674
"205","iLUSpWQy","W",3,2,2,2,5,4,4,4,4,4,5,4,5,5,5,5,4.8,5.6593830448122,220.527910738684,2.65452114114375,63.1258233084941,5933,5523
"206","aUwJtZzg","P",2,4,4,3,4,4,2,2,4,4,2,2,4,4,4,4,3.6,4.7862400363973,305.239333676395,2.72895942629683,44.305540453463,5309,1240
"207","8yVU8Il3","I",2,4,6,6,1,0,2,0,2,1,1,0,4,5,0,0,1.8,9.18025099385901,146.983296687629,3,4.44089209850063e-16,5879,245
"208","n1PjqhUu","W",1,2,5,5,3,4,1,1,1,6,4,4,4,1,4,3,3.2,6.8133686458557,744.099876279987,2.96240650829912,92.6250846354122,5960,4280
"209","0yEFSuSN","W",2,1,3,2,4,2,3,2,4,4,4,5,2,5,4,3,3.8,65.1878334215269,4252.92213690762,3.28128583814066,423.443108631751,4398,8471
"210","sCJtd6Uw","I",4,4,3,3,4,3,3,3,5,4,3,3,3,4,3,3,3.2,10.7658093226864,322.91696492685,3.6135989288627,60.6655579368394,93,207
"211","L0YH6N75","W",2,2,5,2,2,2,1,2,1,3,2,3,2,3,4,4,3.2,9.22034465521385,209.933487405711,2.97529890840542,119.127884663841,5955,4708
"212","VWe1gH3n","W",1,2,5,4,2,1,0,1,2,2,0,1,3,3,2,2,2.2,7.96395998240126,447.875383702349,2.952639975301,189.603776266857,5850,14961
"213","dyuB4JNS","W",2,1,5,6,2,2,1,1,2,4,2,2,2,4,2,2,2.4,5.51004546088816,365.676626452478,2.45164916848018,190.404019559356,5948,9913
"214","g3uAGiuJ","I",2,2,6,6,3,2,1,1,3,2,1,1,2,3,2,3,2.2,5.45917712177246,158.915405265248,2.5812997829346,45.0911569554194,2280,5779
"215","7UhwV8TD","P",4,3,2,2,4,4,5,4,4,5,5,4,5,4,4,5,4.4,7.09509547270134,798.700915624667,2.9693089616879,140.649724234357,5918,3198
"216","4YtevUpO","W",2,2,5,4,3,1,0,1,1,4,5,1,2,1,1,0,1,7.03366517703556,199.075905081658,2.94240285599754,201.776107782261,5931,9195
"217","WwDaIPdp","P",2,2,4,4,2,2,2,2,2,2,2,2,3,2,4,4,3,5.62380067771354,264.538417698507,2.76597160250463,107.600890261482,5936,4197
"218","Fo0V1vah","P",1,4,6,6,4,2,1,1,2,2,1,2,3,6,3,3,3.4,4.54948614722565,351.889957348813,2.66566540546001,215.200725042147,5965,5289
"219","5Wfrvmvr","W",1,2,6,6,2,1,1,0,2,1,1,1,2,4,5,4,3.2,5.4681599790861,235.634052225101,2.85910208839856,112.730108721623,5085,2384
"220","Gp51L629","W",2,1,6,5,2,2,1,1,2,1,2,2,2,3,4,2,2.6,8.72123844416605,36.2911540919055,3.02333356802239,54.3029666589398,4,448
"221","X95kVqvA","P",2,2,4,4,3,2,2,1,2,1,2,2,3,3,4,3,3,8.15867317113786,238.580498040037,2.81311899554358,83.4891409441052,4293,6619
"222","UUnscycE","P",2,3,4,5,3,3,4,3,5,4,3,4,5,4,5,5,4.6,6.95729495077712,192.545635241794,2.78861371781324,80.9077052216889,1521,6423
"223","ytq9NRbw","I",2,2,4,3,3,4,3,2,2,5,5,4,4,3,5,4,4,7.10918583527607,613.776378631186,3.13290489243039,143.667068095116,5943,6652
"224","Pvhc87Fq","P",2,1,4,5,0,1,2,0,2,5,4,2,5,1,5,5,3.6,7.51114665299322,468.147481011121,2.73671704065116,153.365205735814,5949,8172
"225","T7UvIMje","W",2,3,5,2,2,2,1,1,2,2,1,2,3,3,2,2,2.4,10.2585765915768,260.469031208185,2.78986586497877,150.64974591996,1710,7018
"226","TUYiMJXX","W",3,2,4,4,2,3,2,2,2,3,3,3,3,3,2,2,2.6,7.07738829411816,508.417450256627,2.33294728510865,128.723080551758,4054,10017
"227","ccJh3pmp","P",3,4,3,3,4,2,3,4,4,3,2,3,3,4,4,4,3.6,8.72123844416599,731.338003158414,3,254.243290946225,23560,15274
"228","nckyfjDf","I",3,3,5,5,2,2,2,2,3,2,1,2,3,5,3,3,3.2,7.2904441857765,87.9386379584454,2.93513538259754,57.6447546326096,5938,4177
"229","kCbBPLJR","I",2,0,4,4,1,2,1,2,1,0,0,1,1,0,0,1,0.6,7.09536365986342,565.571886863628,2.75096496612519,194.9978238162,4465,3474
"230","R1NfgVZa","W",2,2,4,5,2,1,2,2,2,2,1,2,2,2,2,1,1.8,7.80412543901394,408.177030767231,2.4849103426391,209.452722319601,5860,10522
"231","y2GQNmLR","W",2,2,5,4,2,1,2,2,2,2,1,1,2,4,2,2,2.2,5.49260401746205,172.31130554929,2.66655318181596,196.627632500933,4205,4388
"232","DmNMBDgl","W",2,4,3,3,4,2,3,3,4,2,2,2,4,4,4,4,3.6,3.59960875972937,71.2804578158906,3.37227982037788,244.739945978838,5953,12027
"233","BKSa87ii","P",3,3,3,3,4,4,2,2,3,5,2,4,5,3,5,4,4.2,5.67398020964558,274.381459279893,2.95680822505749,106.343950543586,5939,3180
"234","Ol5Ft6Mb","W",2,1,5,2,2,2,2,2,2,0,1,1,3,2,3,4,2.6,5.26662941419597,494.600256206009,2.56462737827172,555.372870644886,5843,4180
"235","gnxUtvbO","W",3,3,4,3,3,3,3,4,3,4,2,4,4,5,4,4,4.2,6.21171987918644,184.291690762293,2.55504614245532,172.330381138836,5961,9736
"236","tYWcffle","P",2,2,5,5,2,1,1,2,1,4,4,1,2,1,3,3,2,5.52521082090767,301.247061311456,2.73914078944014,61.8396146302313,4144,2932
"237","uHkC5YFX","P",3,2,3,4,3,2,3,3,5,1,2,2,4,4,5,6,4.2,7.04645574303494,589.103257277866,2.72469602041257,234.613474462595,5836,9330
"238","SAQNRm6I","W",1,1,6,5,2,0,1,1,2,3,1,1,2,2,1,1,1.4,8.56188657921456,215.25294796877,2.84228540809816,38.8319780325685,5581,3975
"239","59a2V1Rd","I",4,5,4,4,4,4,4,4,6,2,1,5,5,6,5,5,5.2,9.38796121806358,404.716067741926,2.66629350044501,55.5013493714555,5845,7700
"240","G0BMvr4B","I",3,3,3,5,4,2,2,3,4,5,2,2,2,4,3,3,2.8,8.72123844416605,61.2393546886523,2.99922958545706,48.983740129017,96,356
"241","xhMdGdFA","I",1,4,4,4,5,1,1,2,4,5,4,2,3,2,4,4,3,8.92400376273588,706.761528438919,2.84505038395323,98.061988382681,4452,5104
"242","GBv6CTxW","P",2,1,4,4,3,2,2,2,2,5,4,2,4,2,1,3,2.4,4.54798437746876,242.216679602257,2.61514337216708,99.242542410225,5886,7639
"243","PGoFvk73","I",2,6,2,1,6,4,2,5,6,6,5,5,5,6,6,6,5.6,8.72123844416604,49.8307774353725,2.80311630357613,110.578553556265,1131,7556
"244","oSnxvpuX","W",1,2,5,4,1,1,1,1,2,2,1,2,2,1,2,2,1.8,5.32793492199097,452.564796484295,2.60449166248364,185.90995317204,5959,3789
"245","8qpKfq9t","W",2,1,5,5,2,2,2,2,1,1,1,2,2,2,2,3,2.2,4.51977033855366,369.606312480211,2.97523127235094,151.085633523155,2336,1360
"246","xyOZ45GF","P",1,2,5,6,4,1,0,1,2,4,4,2,3,2,2,2,2.2,6.17476127284831,495.340607897552,2.7870759511635,82.4858928530268,5807,3793
"247","1OotmhlV","I",1,1,5,5,3,2,1,0,1,4,2,1,2,1,2,2,1.6,4.06983719285066,215.645182488723,2.59559465695685,122.673812225716,5893,11966
"248","cm5HWKHT","I",3,4,4,4,4,2,2,2,4,2,2,3,2,4,4,4,3.4,7.54523593181823,371.65068778058,2.73433936176528,52.3793784543888,5936,6508
"249","h5tBhtlR","W",2,2,4,4,2,1,2,2,2,4,2,3,3,4,3,4,3.4,8.61775922677066,460.104185190069,2.89772494443166,21.4691578540418,5929,2991
"250","tRw9jJ9G","P",2,2,5,4,4,1,2,2,2,3,3,2,2,2,3,4,2.6,5.40389643049816,338.975052779763,2.54398599287575,72.352810655349,5915,5853
"251","d1e42kC8","I",2,2,4,4,1,2,2,2,2,2,2,2,3,3,2,2,2.4,9.54134949140044,284.668108481415,3.16298171762682,141.451936535601,3348,8582
"252","3H5ZefpP","I",0,1,6,6,1,0,1,0,0,5,0,2,1,3,2,2,2,4.71183967314984,299.031460236623,2.74564780981157,141.799230070097,5922,6250
"253","Hn1ocRzJ","I",2,2,5,2,5,2,2,2,3,5,6,5,6,6,5,6,5.6,6.49606044252739,154.053405442914,2.36464383122291,71.4716023495541,2688,4058
"254","QnJSCE8Y","P",2,1,6,5,2,1,1,1,1,5,1,1,4,5,4,5,3.8,8.73256659356926,396.632703095165,3.11477881458345,283.135729712408,2073,13619
"255","mYjhJL8W","P",2,0,5,5,2,1,1,1,1,1,2,2,4,2,5,5,3.6,6.71441368552591,360.169677062996,2.53408823568691,75.2160638973001,5537,5983
"256","CgmI9jFo","W",1,4,5,2,6,2,1,1,5,1,0,5,5,6,5,5,5.2,8.28010526028158,397.777402079358,5.43738305680573,178.553143504318,5551,7837
"257","cBCuZ6Ts","I",2,2,5,4,2,2,2,2,2,2,2,2,2,3,2,3,2.4,7.38453477937431,228.084304584443,2.81123854770763,86.9794609833113,350,1049
"258","53ywni4e","P",2,2,5,5,2,2,2,1,2,2,2,2,2,1,2,2,1.8,8.72123844416605,59.4307720612731,3,33.9409019439651,5962,4936
"259","HOpNxyuo","P",2,1,5,5,2,1,0,0,2,2,1,2,4,2,4,2,2.8,5.67780219636474,240.077157949771,2.76318483016183,165.817806917804,149,403
"260","5jMA1bIh","I",3,3,3,2,3,4,3,2,3,3,3,3,4,3,3,4,3.4,7.61622298258202,130.048753562731,2.5987833453262,27.3659887853003,53,129
"261","STq8y20b","I",5,4,2,2,3,4,5,5,5,5,4,4,4,3,5,3,3.8,7.40824368539087,111.455771700681,2.76818218961818,992.26148865785,1253,37749
"262","ibm5NzmF","I",1,2,5,5,3,3,2,2,2,4,2,3,4,3,3,4,3.4,6.80873449024592,182.114299411594,2.86342865355019,39.910819342205,1649,1638
"263","J5WvBBYq","I",2,3,2,1,2,2,5,5,5,6,4,5,5,6,6,6,5.6,6.58666479931895,247.973723818397,2.70519367381465,45.9831380691407,5254,3885
"264","HMN1tYLj","P",1,2,5,5,3,0,2,1,4,5,2,2,2,3,3,4,2.8,4.04860934236598,237.432924259879,2.3428362741681,116.759245073232,5779,6998
"265","KqUppSgm","W",1,1,5,6,1,1,0,0,1,0,0,4,4,5,5,6,4.8,5.09248694994065,582.976367600967,5.99889476237392,597.639211413546,5883,2763
"266","d3VImZ9A","W",1,0,5,6,4,1,1,1,4,0,0,1,4,2,4,4,3,6.62479252250681,376.932411401908,2.4155240357331,69.3495226968365,5931,4518
"267","Vn6uwNEl","W",3,2,4,4,3,1,2,1,2,5,2,2,3,6,3,3,3.4,4.0942015323812,185.480949201147,2.87431492174559,80.0603800822778,5685,3139
"268","JZnw2qKR","W",2,3,6,5,2,2,2,1,2,5,1,2,2,3,4,4,3,5.81535589428989,358.37403696041,2.15402535128822,66.8414037820004,5967,2730
"269","e65VhTc1","P",4,2,3,2,1,2,2,2,2,3,1,1,2,5,4,3,3,13.0640639441763,88.9693746558424,3,4.44089209850063e-16,40,17
"270","fwpKch1w","I",2,1,5,3,3,3,2,2,1,3,1,2,2,4,3,3,2.8,7.41767106650865,313.708675935274,2.68490446481682,54.5506495197513,1550,1071
"271","NXbtvuF9","W",1,1,5,5,2,1,1,1,1,2,1,2,2,2,1,2,1.8,6.23717546329455,459.254757985156,2.67315735804481,51.218445232976,5841,1572
"272","c7wrggBd","I",2,2,5,5,2,1,2,2,2,4,2,2,1,2,1,2,1.6,6.83324811470465,302.106473670561,2.66557408644107,117.592972255137,5026,3909
"273","Nondov44","W",1,1,6,6,1,0,0,0,1,2,0,1,2,2,1,2,1.6,6.18324896864,283.521609874897,2.29946117746346,21.1552456719789,5850,2637
"274","sZQBg9mS","W",1,0,5,6,1,2,1,1,3,4,2,2,4,0,5,2,2.6,6.42960983919042,422.277149857738,2.87849301343027,116.279369676009,5896,6587
"275","KBdaxiiB","I",1,2,5,5,2,2,1,2,1,3,3,2,2,1,2,2,1.8,4.42816289099086,301.715604906885,2.60609156588357,47.8314863401681,5970,3961
"276","y89G0a3D","I",2,2,5,4,4,2,2,2,2,4,4,2,2,2,4,4,2.8,7.03409022895737,212.721535301288,3.11970740895685,82.5750538240617,224,1083
"277","IK44dXK9","P",2,2,4,4,3,1,2,2,3,4,2,2,3,2,2,3,2.4,3.57567182154147,171.863290414782,2.64155043675375,22.2533150672425,5902,977
"278","P5zsHc81","I",2,3,5,5,5,0,1,2,4,5,2,2,3,4,2,2,2.6,9.25834897989215,2143.46339405172,3.13371177026652,0.998104679982501,5877,434
"279","PQ1TVXYA","P",2,2,5,6,3,1,1,1,2,4,3,2,2,1,2,2,1.8,3.72691827903276,201.023385886502,2.88536801935674,56.6402805610967,3656,3177
"280","18Pv6KGu","P",1,2,5,5,2,1,1,2,2,2,0,2,3,1,1,1,1.6,9.51965769808432,488.937021162927,2.71032657915399,42.7487485703022,5632,2650
"281","JlNI9CxO","I",1,0,6,6,1,0,1,1,1,0,0,0,0,0,0,1,0.2,7.69188867183307,412.962155179895,2.98683093803336,153.063048812155,208,847
"282","77cC7TTd","W",2,3,5,5,4,2,3,3,4,4,1,3,3,6,5,5,4.4,6.02883893996348,509.034075387998,2.86760818437216,151.873782187182,575,410
"283","aywx7tod","W",3,2,4,4,3,2,2,3,3,2,2,3,3,5,4,3,3.6,5.59543001670674,513.902527062215,2.57694412285225,65.2852092468303,5642,962
"284","NQ4C9tsS","I",1,2,5,4,3,0,1,0,2,5,2,1,2,2,1,1,1.4,8.00909277023785,1252.93912098308,3,4.44089209850063e-16,5899,321
"285","mV08XCTn","I",1,1,6,5,1,1,1,2,2,2,1,2,2,1,5,5,3,8.78699863050444,287.309768863201,2.72657853853267,53.7166093829855,5308,2657
"286","cwTfilWX","P",3,3,4,4,3,2,2,2,3,4,2,2,2,3,2,2,2.2,6.49926726394333,549.608623144823,2.71201048028399,81.2384872946095,4490,1365
"287","KvcnNCjN","W",2,0,6,5,3,1,1,1,1,1,2,3,4,2,5,5,3.8,5.31772035827089,195.427037697305,2.87299927256016,66.8675264786229,573,860
"288","fAmz5c4R","I",1,2,6,5,3,2,1,1,2,4,4,1,2,1,2,2,1.6,5.52286937334568,269.357696648842,2.43758005251108,265.06918896067,5817,16476
"289","K7e648Zf","W",3,3,4,3,3,2,2,2,3,2,2,4,4,3,4,4,3.8,4.64396392062598,300.589271138465,2.84524058921902,191.800710041945,5868,6631
"290","7vEBMSHr","P",6,3,2,0,3,6,6,6,5,6,6,6,6,6,6,6,6,6.74748240715225,438.692863794315,3.03716015962228,70.0549811355638,5678,2863
"291","4wJVXhpp","W",0,1,6,4,2,0,0,1,1,0,0,0,0,2,1,2,1,6.70323468266681,346.712419031921,2.52516111486554,118.871133725373,5730,5774
"292","PlcXbpgh","P",2,4,4,5,2,2,2,2,2,3,2,2,3,2,3,3,2.6,6.45969202502379,483.148666658079,2.78687486771006,43.4557799029805,5957,1050
"293","0FkbYvgu","W",2,2,6,5,2,0,1,1,1,3,2,1,2,2,1,2,1.6,5.62348035287508,503.997803679798,2.81831720730036,36.9350025254236,5881,2312
"294","mrHoRnlK","P",1,0,5,5,1,2,2,2,1,2,2,3,4,2,2,3,2.8,7.14330825882833,366.589898940652,3.02802019338685,41.642044208806,4469,1398
"295","M7yOTaDh","P",2,1,4,5,4,2,2,2,2,5,5,2,4,2,2,2,2.4,7.48032355954787,173.034182097773,2.8447219900842,108.633043808016,119,316
"296","c9As8T9F","P",4,3,5,4,2,1,2,1,4,2,2,1,2,2,1,2,1.6,8.81905186168076,600.791270645351,4.00992349998812,306.36118405562,5943,6629
"297","OrbiGOEf","I",2,3,4,4,3,2,2,2,3,4,2,2,3,3,2,2,2.4,8.39616605819332,143.324459339953,2.78769645459589,67.5511839422537,1615,6385
"298","icIQ47Ex","W",1,0,5,5,1,1,1,0,0,2,2,1,2,0,2,2,1.4,5.19666100258527,251.67844748051,3.5085801124017,258.35736432999,5639,7119
"299","mpZl0ZHO","W",2,2,5,4,3,2,2,3,4,5,1,4,5,5,5,4,4.6,5.41385397711914,321.269501520449,2.75716669428386,55.5392557425473,5927,6137
"300","s6RqyeHM","P",2,2,5,6,3,2,1,0,2,4,1,1,2,2,1,1,1.4,8.20626568732465,94.9629454729586,2.81556243078585,120.914762918506,26,193
"301","Xnzu66uK","W",5,5,2,2,4,4,5,5,5,5,5,4,4,4,5,5,4.4,6.47830257228293,1168.36166970183,2.49218642138153,129.438667427328,14244,9850
"302","PfhIbGyw","P",1,2,5,5,2,1,2,2,3,2,1,2,3,2,3,3,2.6,7.36400711219406,360.456729859532,2.63210542340196,124.914734307374,5783,10668
"303","7vFSXuqd","I",2,2,6,5,2,1,1,1,1,3,1,1,2,1,2,2,1.6,8.72123844416605,0,2.69668491418926,84.1255420989421,2,7305
"304","4HX1qyfV","W",3,3,3,4,4,2,4,3,4,3,2,4,5,5,4,5,4.6,10.8095727448653,379.062016830367,3.01853995578026,162.544597575372,3105,12270
"305","9rp44PE5","P",3,3,5,4,4,2,2,2,4,6,3,4,4,5,5,4,4.4,5.083336234383,230.544263518617,2.8750019704742,114.786716307751,5418,10293
"306","6OO7A0dp","W",1,0,5,5,1,0,1,1,2,0,0,1,1,1,1,1,1,7.1738279721043,61.5259614938032,3,4.44089209850063e-16,5915,563
"307","RENjvKNj","P",1,2,5,4,2,2,2,2,2,2,1,2,4,3,5,4,3.6,3.249582039273,159.965844231341,2.82396601906563,40.0954083121443,2859,1238
"308","plBLGAdl","W",1,3,5,5,1,0,1,0,1,4,2,1,2,2,1,2,1.6,7.91413544376366,348.369372042783,2.90655796707517,315.167109166615,5651,10392
"309","EkHiJKDe","P",3,2,4,5,3,2,2,2,2,5,2,2,2,4,3,4,3,5.2558028326542,423.050516416526,3.24224064226098,613.153519695779,5939,10377
"310","bwT96riV","I",1,1,5,5,1,1,1,1,1,0,0,1,1,1,1,2,1.2,8.80465453678168,58.2858452365866,3.00043761473955,124.851026083247,5912,6219
"311","fHrmmqtw","W",2,2,3,3,2,3,2,2,3,4,2,3,5,3,4,4,3.8,7.76151823565146,245.003482518753,3.00428627056377,116.874526004855,985,8266
"312","npDJM64T","I",4,2,5,1,4,2,2,2,2,5,6,2,4,3,4,2,3,8.4623693452785,235.360997202718,3.03919602417323,45.2635468412794,2199,4687
"313","Bci0Rwwi","P",1,2,5,4,3,2,4,2,3,4,4,4,4,2,2,2,2.8,7.28884276323502,306.77500907449,2.82664182816312,57.7262672007222,2813,2859
"314","lGpdphtD","P",2,2,4,4,3,1,2,2,3,2,2,2,2,3,2,2,2.2,8.28517652195775,15.1165621353193,2.65252877684246,75.214097573404,110,5124
"315","I23Kxk3Q","P",3,3,3,4,3,2,2,2,4,4,3,3,3,4,3,2,3,8.72123844416605,0,2.72536147640946,55.6059145906747,2,1567
"316","xnK1Rq74","W",3,3,3,4,3,2,3,2,4,2,2,4,4,5,5,5,4.6,5.98812899586724,231.317072140498,6.729505648139,322.158168277047,5855,13796
"317","7AplEHaI","I",4,5,4,2,5,2,3,3,5,4,3,3,2,3,4,3,3,7.60801768754197,495.000856067925,2.70808157162717,255.775597242906,5912,9833
