d	aa	pa	x_target	y_target	z_target	ms
8.721238444166053	2.0344439357957027	1.5593298140946197	0	0	0	1678342723959
8.721238444166053	0.5509140716005226	1.4575189410616172	0	0	0	1678342728614
8.721238444166053	0.5509140716005226	1.4575189410616172	0	0	0	1678342728759
8.721238444166053	0.5509140716005226	1.4575189410616172	0	0	0	1678342728900
8.721238444166053	0.5509140716005226	1.4575189410616172	0	0	0	1678342729047
8.721238444166053	0.5509140716005226	1.4575189410616172	0	0	0	1678342729195
8.721238444166053	0.5509140716005226	1.4575189410616172	0	0	0	1678342729332
8.721238444166053	0.5509140716005226	1.4575189410616172	0	0	0	1678342729472
8.721238444166053	0.5509140716005226	1.4575189410616172	0	0	0	1678342729628
8.721238444166053	0.5509140716005226	1.4575189410616172	0	0	0	1678342729782
8.721238444166053	0.5509140716005226	1.4575189410616172	0	0	0	1678342729951
8.721238444166053	0.5509140716005226	1.4575189410616172	0	0	0	1678342730104
8.721238444166053	0.5509140716005226	1.4575189410616172	0	0	0	1678342730250
8.721238444166053	0.5509140716005226	1.4575189410616172	0	0	0	1678342730388
8.721238444166053	0.5509140716005226	1.4575189410616172	0	0	0	1678342730527
8.721238444166053	0.5509140716005226	1.4575189410616172	0	0	0	1678342730667
8.721238444166053	0.5509140716005226	1.4575189410616172	0	0	0	1678342730806
8.721238444166051	0.46364760900080615	1.3847968888951867	0	0	0	1678342730945
8.721238444166051	-1.019882255194374	0.9339201654633182	0	0	0	1678342731084
8.721238444166051	-2.605222992422557	1.1520863219626094	0	0	0	1678342731229
8.721238444166051	-2.648856223722415	1.1520863219626094	0	0	0	1678342731367
8.721238444166051	-2.648856223722415	1.1520863219626094	0	0	0	1678342731508
8.721238444166051	-2.648856223722415	1.1520863219626094	0	0	0	1678342731651
8.721238444166051	-3.1288217680208557	1.1520863219626094	0	0	0	1678342731791
8.72123844416605	-4.088752856617737	1.2393527845623258	0	0	0	1678342731934
8.72123844416605	1.9035442418961275	1.3702524784619006	0	0	0	1678342732076
8.72123844416605	1.7144669062634084	1.5156965827947613	0	0	0	1678342732218
8.72123844416605	1.641744854096978	1.6029630453944776	0	0	0	1678342732359
8.72123844416605	1.641744854096978	1.6029630453944776	0	0	0	1678342732498
8.72123844416605	1.641744854096978	1.6029630453944776	0	0	0	1678342732641
8.72123844416605	1.641744854096978	1.6029630453944776	0	0	0	1678342732782
8.72123844416605	1.641744854096978	1.6029630453944776	0	0	0	1678342732925
8.285176521957746	1.641744854096978	1.6029630453944776	0	0	0	1678342733065
7.870917695859858	1.641744854096978	1.6029630453944776	0	0	0	1678342733212
7.870917695859858	1.641744854096978	1.6029630453944776	0	0	0	1678342733355
7.870917695859858	1.641744854096978	1.6029630453944776	0	0	0	1678342733500
7.870917695859858	1.641744854096978	1.6029630453944776	0	0	0	1678342733648
7.870917695859858	1.641744854096978	1.6029630453944776	0	0	0	1678342733792
7.477371811066865	1.641744854096978	1.6029630453944776	0	0	0	1678342733937
7.103503220513522	1.641744854096978	1.6029630453944776	0	0	0	1678342734086
7.103503220513522	1.641744854096978	1.6029630453944776	0	0	0	1678342734237
6.748328059487846	1.641744854096978	1.6029630453944776	0	0	0	1678342734386
6.410911656513453	1.641744854096978	1.6029630453944776	0	0	0	1678342734542
6.410911656513453	1.641744854096978	1.6029630453944776	0	0	0	1678342734703
6.410911656513453	1.641744854096978	1.6029630453944776	0	0	0	1678342734862
6.410911656513453	1.641744854096978	1.6029630453944776	0	0	0	1678342735025
6.410911656513452	2.6598535844270033	0.8321092924303154	0	0	0	1678342735194
6.410911656513453	3.0670970765590133	0.1921552333657277	0	0	0	1678342735356
6.410911656513453	3.1543635391587297	0.11943318119929776	0	0	0	1678342735521
6.410911656513453	-2.9979220741212824	0.16306641249915582	0	0	0	1678342735685
6.410911656513454	-2.9542888428214242	0.22124405423230037	0	0	0	1678342735848
6.410911656513454	-2.9833776636879965	0.41032138986501976	0	0	0	1678342736014
6.410911656513455	-3.1433661784541433	0.6139431359310249	0	0	0	1678342736178
6.410911656513454	2.9652862035260106	0.8175648819970301	0	0	0	1678342736338
6.410911656513453	2.834386509626436	0.9920978071964631	0	0	0	1678342736496
6.410911656513452	2.7471200470267196	1.166630732395896	0	0	0	1678342736669
6.410911656513452	2.7034868157268614	1.2538971949956124	0	0	0	1678342736873
6.410911656513452	2.7034868157268614	1.2538971949956124	0	0	0	1678342737069
6.410911656513452	2.7034868157268614	1.2538971949956124	0	0	0	1678342737248
6.410911656513452	2.7034868157268614	1.2538971949956124	0.10832172041037497	-0.058408796470124015	0.02959231497227547	1678342737436
6.410911656513452	2.7034868157268614	1.2538971949956124	0.6079181602999504	-0.12849935223427283	0.23825395273395714	1678342737606
6.410911656513452	2.7034868157268614	1.2538971949956124	0.6969809013594986	-0.12849935223427283	0.2799770514797285	1678342737761
6.410911656513452	2.7034868157268614	1.2538971949956124	0.6969809013594986	-0.12849935223427283	0.2799770514797285	1678342737917
6.410911656513452	2.7034868157268614	1.2538971949956124	0.5394958771616125	-0.11681759294024803	0.21043086289797208	1678342738076
6.410911656513452	2.7034868157268614	1.2538971949956124	0.4599407513908311	-0.10513583364622323	0.17739238571876562	1678342738234
6.410911656513452	2.7034868157268614	1.2538971949956124	0.35649471301148605	-0.08177231505817362	0.13739236807645977	1678342738391
6.410911656513452	2.7034868157268614	1.2538971949956124	0.34536187037904253	-0.08177231505817362	0.13217698073323836	1678342738546
6.410911656513452	2.7034868157268614	1.2538971949956124	0.34536187037904253	-0.08177231505817362	0.13217698073323836	1678342738702
6.410911656513452	2.7034868157268614	1.2538971949956124	0.34536187037904253	-0.08177231505817362	0.13217698073323836	1678342738857
6.410911656513452	2.81984209919315	1.399341299328473	0.34536187037904253	-0.08177231505817362	0.13217698073323836	1678342739017
6.410911656513452	3.4016185165245933	1.6175074558277642	0.34536187037904253	-0.08177231505817362	0.13217698073323836	1678342739181
6.410911656513452	-2.6924894550222738	1.6175074558277642	0.34536187037904253	-0.08177231505817362	0.13217698073323836	1678342739339
6.410911656513452	-2.4743232985229824	1.5884186349611922	0.34536187037904253	-0.08177231505817362	0.13217698073323836	1678342739490
6.410911656513452	-2.4743232985229824	1.5884186349611922	0.34536187037904253	-0.08177231505817362	0.13217698073323836	1678342739639
6.410911656513452	-3.826953468818588	1.573874224527906	0.34536187037904253	-0.08177231505817362	0.13217698073323836	1678342739794
6.410911656513453	2.2816989131615655	1.5156965827947617	0.34536187037904253	-0.08177231505817362	0.13217698073323836	1678342739951
6.410911656513453	2.2816989131615655	1.5156965827947617	0.34536187037904253	-0.08177231505817362	0.13217698073323836	1678342740113
6.410911656513453	2.2816989131615655	1.5156965827947617	0.34536187037904253	-0.08177231505817362	0.13217698073323836	1678342740271
6.410911656513453	2.2816989131615655	1.5156965827947617	0.34536187037904253	-0.08177231505817362	0.13217698073323836	1678342740429
6.410911656513453	2.2816989131615655	1.5156965827947617	0.34536187037904253	-0.08177231505817362	0.13217698073323836	1678342740584
6.410911656513453	2.2816989131615655	1.5156965827947617	0.34536187037904253	-0.08177231505817362	0.13217698073323836	1678342740738
6.410911656513453	2.2816989131615655	1.5156965827947617	0.34536187037904253	-0.08177231505817362	0.13217698073323836	1678342740897
6.410911656513453	2.2816989131615655	1.5156965827947617	0.34536187037904253	-0.08177231505817362	0.13217698073323836	1678342741053
6.410911656513453	2.2816989131615655	1.5156965827947617	0.34536187037904253	-0.08177231505817362	0.13217698073323836	1678342741213
6.410911656513453	2.2816989131615655	1.5156965827947617	0.34536187037904253	-0.08177231505817362	0.13217698073323836	1678342741367
6.410911656513453	2.2816989131615655	1.5156965827947617	0.34536187037904253	-0.08177231505817362	0.13217698073323836	1678342741522
6.410911656513453	2.2816989131615655	1.5156965827947617	0.34536187037904253	-0.08177231505817362	0.13217698073323836	1678342741676
6.410911656513453	2.2816989131615655	1.5156965827947617	0.34536187037904253	-0.08177231505817362	0.13217698073323836	1678342741830
6.410911656513453	2.2816989131615655	1.5156965827947617	0.34536187037904253	-0.08177231505817362	0.13217698073323836	1678342741986
6.410911656513453	2.2816989131615655	1.5156965827947617	0.34536187037904253	-0.08177231505817362	0.13217698073323836	1678342742140
6.410911656513453	2.2816989131615655	1.5156965827947617	0.34536187037904253	-0.08177231505817362	0.13217698073323836	1678342742296
6.410911656513453	2.2816989131615655	1.5156965827947617	0.34536187037904253	-0.08177231505817362	0.13217698073323836	1678342742449
6.410911656513453	2.2816989131615655	1.5156965827947617	0.34536187037904253	-0.08177231505817362	0.13217698073323836	1678342742624
6.410911656513453	2.2816989131615655	1.5156965827947617	0.34536187037904253	-0.08177231505817362	0.13217698073323836	1678342742782
6.410911656513453	2.2816989131615655	1.5156965827947617	0.34536187037904253	-0.08177231505817362	0.13217698073323836	1678342742941
6.410911656513453	2.2816989131615655	1.5156965827947617	0.34536187037904253	-0.08177231505817362	0.13217698073323836	1678342743097
8.721238444166055	2.0344439357957027	1.5593298140946197	0	0	0	1678342743264
8.721238444166055	2.0344439357957027	1.5593298140946197	0	0	0	1678342743465
8.721238444166055	2.0344439357957027	1.5593298140946197	0	0	0	1678342743666
8.721238444166055	2.0344439357957027	1.5593298140946197	0	0	0	1678342743870
8.721238444166055	2.0344439357957027	1.5593298140946197	0	0	0	1678342744053
8.721238444166053	2.0344439357957027	1.5593298140946197	0.0001715203116052954	-0.016723230381516192	-0.00008576015580264771	1678342744231
8.721238444166053	2.0344439357957027	1.5593298140946197	0.0001715203116052954	-0.016723230381516192	-0.00008576015580264771	1678342744412
8.721238444166053	2.0344439357957027	1.5593298140946197	0.0001715203116052954	-0.016723230381516192	-0.00008576015580264771	1678342744592
8.721238444166051	2.0344439357957027	1.5593298140946197	-0.01564477660169553	0.06689292152606477	-0.029574350087338098	1678342744763
8.721238444166051	2.0344439357957027	1.5593298140946197	-0.01564477660169553	0.06689292152606477	-0.029574350087338098	1678342744941
8.72123844416605	2.0344439357957027	1.5593298140946197	-0.014958695355274347	2.7755575615628914e-17	-0.029917390710548688	1678342745117
8.72123844416605	2.0344439357957027	1.5593298140946197	-0.014958695355274347	2.7755575615628914e-17	-0.029917390710548688	1678342745287
9.180250993859	2.0344439357957027	1.5593298140946197	-0.014958695355274347	2.7755575615628914e-17	-0.029917390710548688	1678342745472
9.663422098798947	2.0344439357957027	1.5593298140946197	-0.014958695355274347	2.7755575615628914e-17	-0.029917390710548688	1678342745648
10.172023261893628	2.0344439357957027	1.5593298140946197	-0.014958695355274347	2.7755575615628914e-17	-0.029917390710548688	1678342745819
10.707392907256448	2.0344439357957027	1.5593298140946197	-0.014958695355274347	2.7755575615628914e-17	-0.029917390710548688	1678342746015
11.270939902375208	2.0344439357957027	1.5593298140946197	-0.014958695355274347	2.7755575615628914e-17	-0.029917390710548688	1678342746200
10.707392907256446	2.0344439357957027	1.5593298140946197	-0.014958695355274347	2.7755575615628914e-17	-0.029917390710548688	1678342746369
10.172023261893623	2.0344439357957027	1.5593298140946197	-0.014958695355274347	2.7755575615628914e-17	-0.029917390710548688	1678342746541
9.663422098798941	2.0344439357957027	1.5593298140946197	-0.014958695355274347	2.7755575615628914e-17	-0.029917390710548688	1678342746716
9.180250993858992	2.0344439357957027	1.5593298140946197	-0.014958695355274347	2.7755575615628914e-17	-0.029917390710548688	1678342746886
8.72123844416604	2.0344439357957027	1.5593298140946197	-0.014958695355274347	2.7755575615628914e-17	-0.029917390710548688	1678342747064
8.285176521957736	2.0344439357957027	1.5593298140946197	-0.014958695355274347	2.7755575615628914e-17	-0.029917390710548688	1678342747239
7.870917695859848	2.0344439357957027	1.5593298140946197	-0.014958695355274347	2.7755575615628914e-17	-0.029917390710548688	1678342747416
7.477371811066854	2.0344439357957027	1.5593298140946197	-0.014958695355274347	2.7755575615628914e-17	-0.029917390710548688	1678342747584
7.103503220513511	2.0344439357957027	1.5593298140946197	-0.014958695355274347	2.7755575615628914e-17	-0.029917390710548688	1678342747765
6.748328059487835	2.0344439357957027	1.5593298140946197	-0.014958695355274347	2.7755575615628914e-17	-0.029917390710548688	1678342747961
6.410911656513442	2.0344439357957027	1.5593298140946197	-0.014958695355274347	2.7755575615628914e-17	-0.029917390710548688	1678342748162
6.090366073687769	2.0344439357957027	1.5593298140946197	-0.014958695355274347	2.7755575615628914e-17	-0.029917390710548688	1678342748361
6.090366073687769	2.0344439357957027	1.5593298140946197	-0.014958695355274347	2.7755575615628914e-17	-0.029917390710548688	1678342748563
6.090366073687769	2.0344439357957027	1.5593298140946197	-0.014958695355274347	2.7755575615628914e-17	-0.029917390710548688	1678342748764
5.785847770003381	2.0344439357957027	1.5593298140946197	-0.014958695355274347	2.7755575615628914e-17	-0.029917390710548688	1678342748963
5.785847770003381	2.0344439357957027	1.5593298140946197	-0.014958695355274347	2.7755575615628914e-17	-0.029917390710548688	1678342749142
5.785847770003381	3.2416300017584474	0.33759933769858885	-0.014958695355274347	2.7755575615628914e-17	-0.029917390710548688	1678342749314
5.785847770003381	-1.907091291624825	0.03216671859958126	-0.014958695355274347	2.7755575615628914e-17	-0.029917390710548688	1678342749487
5.785847770003381	-0.8744381508615136	0.000001	-0.014958695355274347	2.7755575615628914e-17	-0.029917390710548688	1678342749677
5.785847770003381	-0.8017160986949116	0.000001	-0.014958695355274347	2.7755575615628914e-17	-0.029917390710548688	1678342749870
5.785847770003381	-0.8017160986949116	0.000001	-0.014958695355274347	2.7755575615628914e-17	-0.029917390710548688	1678342750064
5.785847770003381	-1.238048411693469	0.1309006938330005	-0.014958695355274347	2.7755575615628914e-17	-0.029917390710548688	1678342750254
5.785847770003381	-2.3870568359230693	0.000001	-0.014958695355274347	2.7755575615628914e-17	-0.029917390710548688	1678342750429
5.785847770003381	-2.8961112010880727	0.000001	-0.014958695355274347	2.7755575615628914e-17	-0.029917390710548688	1678342750594
5.785847770003381	-3.114277357587431	0.27634479816586127	-0.014958695355274347	2.7755575615628914e-17	-0.029917390710548688	1678342750759
5.785847770003381	-3.1724549993205753	0.5817774172648688	-0.014958695355274347	2.7755575615628914e-17	-0.029917390710548688	1678342750933
5.785847770003381	3.6925067251904546	1.003565319830165	-0.014958695355274347	2.7755575615628914e-17	-0.029917390710548688	1678342751101
5.785847770003381	-2.0816242168241192	1.2362758867627424	-0.014958695355274347	2.7755575615628914e-17	-0.029917390710548688	1678342751273
5.785847770003381	-1.688925135125395	1.3235423493624587	-0.014958695355274347	2.7755575615628914e-17	-0.029917390710548688	1678342751453
5.785847770003381	-1.4416701577595317	1.367175580662317	-0.014958695355274347	2.7755575615628914e-17	-0.029917390710548688	1678342751616
5.785847770003381	-1.4416701577595317	1.367175580662317	-0.014958695355274347	2.7755575615628914e-17	-0.029917390710548688	1678342751778
5.785847770003381	-1.4416701577595317	1.367175580662317	-0.014958695355274347	2.7755575615628914e-17	-0.029917390710548688	1678342751945
5.785847770003381	-1.4562145681928178	1.381719991095603	-0.014958695355274347	2.7755575615628914e-17	-0.029917390710548688	1678342752107
5.78584777000338	-1.6598363142588228	1.381719991095603	-0.014958695355274347	2.7755575615628914e-17	-0.029917390710548688	1678342752271
5.785847770003381	-1.8198248290249697	1.4980752745618917	-0.014958695355274347	2.7755575615628914e-17	-0.029917390710548688	1678342752433
5.785847770003381	-2.22706832115698	1.5126196849951778	-0.014958695355274347	2.7755575615628914e-17	-0.029917390710548688	1678342752613
5.785847770003381	-3.0124664845544284	1.3089979389291728	-0.014958695355274347	2.7755575615628914e-17	-0.029917390710548688	1678342752793
5.785847770003381	-3.2451770514870057	1.2508202971960285	-0.014958695355274347	2.7755575615628914e-17	-0.029917390710548688	1678342752980
5.785847770003381	2.630764763560571	1.2799091180626005	-0.014958695355274347	2.7755575615628914e-17	-0.029917390710548688	1678342753148
5.785847770003381	2.645309173993857	0.9890209093968789	-0.014958695355274347	2.7755575615628914e-17	-0.029917390710548688	1678342753313
5.78584777000338	2.674397994860429	0.8872100363638764	-0.014958695355274347	2.7755575615628914e-17	-0.029917390710548688	1678342753476
5.785847770003379	2.645309173993857	0.9162988572304485	-0.014958695355274347	2.7755575615628914e-17	-0.029917390710548688	1678342753641
5.785847770003379	2.630764763560571	0.9453876780970205	-0.014958695355274347	2.7755575615628914e-17	-0.029917390710548688	1678342753804
5.785847770003379	2.5871315322607127	1.1053761928631674	-0.014958695355274347	2.7755575615628914e-17	-0.029917390710548688	1678342753971
5.785847770003379	2.5725871218274268	1.2362758867627421	-0.014958695355274347	2.7755575615628914e-17	-0.029917390710548688	1678342754136
5.785847770003379	2.470776248794424	1.4835308641286056	-0.014958695355274347	2.7755575615628914e-17	-0.029917390710548688	1678342754302
5.785847770003379	2.470776248794424	1.4835308641286056	-0.014958695355274347	2.7755575615628914e-17	-0.029917390710548688	1678342754467
5.785847770003379	2.470776248794424	1.4835308641286056	-0.014958695355274347	2.7755575615628914e-17	-0.029917390710548688	1678342754634
5.785847770003379	2.2380656818618467	1.8035078936608993	-0.014958695355274347	2.7755575615628914e-17	-0.029917390710548688	1678342754799
5.785847770003379	1.5981116227972592	2.7488945718244944	-0.014958695355274347	2.7755575615628914e-17	-0.029917390710548688	1678342754969
5.785847770003379	1.3944898767312541	2.996149549190358	-0.014958695355274347	2.7755575615628914e-17	-0.029917390710548688	1678342755153
5.785847770003379	1.3944898767312541	2.996149549190358	-0.014958695355274347	2.7755575615628914e-17	-0.029917390710548688	1678342755326
5.785847770003379	1.3944898767312541	2.996149549190358	-0.014958695355274347	2.7755575615628914e-17	-0.029917390710548688	1678342755510
5.785847770003379	1.3944898767312541	2.996149549190358	-0.014958695355274347	2.7755575615628914e-17	-0.029917390710548688	1678342755683
5.785847770003379	1.3944898767312541	2.996149549190358	-0.014958695355274347	2.7755575615628914e-17	-0.029917390710548688	1678342755853
5.785847770003379	1.3217678245648237	2.065307281460049	-0.014958695355274347	2.7755575615628914e-17	-0.029917390710548688	1678342756025
5.785847770003379	1.2199569515318212	1.7162414310611829	-0.014958695355274347	2.7755575615628914e-17	-0.029917390710548688	1678342756208
5.785847770003379	1.1326904889321048	1.6435193788947524	-0.014958695355274347	2.7755575615628914e-17	-0.029917390710548688	1678342756373
5.785847770003379	1.1181460784988186	1.6144305580281804	-0.014958695355274347	2.7755575615628914e-17	-0.029917390710548688	1678342756535
5.785847770003379	1.1181460784988186	1.6144305580281804	-0.014958695355274347	2.7755575615628914e-17	-0.029917390710548688	1678342756699
5.785847770003379	1.1181460784988186	1.6144305580281804	-0.014958695355274347	2.7755575615628914e-17	-0.029917390710548688	1678342756862
5.785847770003379	1.1181460784988186	1.6144305580281804	0.1085953269371608	-0.06650820838137217	-0.29061205659542466	1678342757028
5.785847770003379	1.1181460784988186	1.6144305580281804	0.2855270412634784	-0.13301641676274437	-0.6610633067664795	1678342757197
5.785847770003379	1.1181460784988186	1.6144305580281804	0.39713494278886896	-0.13301641676274437	-0.8905543466375809	1678342757362
5.785847770003379	1.1181460784988186	1.6144305580281804	0.43023208779030453	-0.1551858195565351	-0.9608227831013003	1678342757526
5.785847770003379	1.1181460784988186	1.6144305580281804	0.15986171881311556	-0.24386343073169803	-0.413733211160464	1678342757690
5.785847770003379	1.1181460784988186	1.6144305580281804	0.018703473940998833	-0.2549481321285934	-0.1245866121831587	1678342757853
5.785847770003379	1.1181460784988186	1.6144305580281804	0.013415717882401073	-0.2660328335254888	-0.11482040957067247	1678342758016
5.785847770003379	1.1181460784988186	1.6144305580281804	0.003710682967149718	-0.2660328335254888	-0.09486466697318538	1678342758180
5.785847770003379	1.1181460784988186	1.6144305580281804	0.003710682967149718	-0.2660328335254888	-0.09486466697318538	1678342758343
5.785847770003379	1.1472348993653907	1.5707973267283222	0.003710682967149718	-0.2660328335254888	-0.09486466697318538	1678342758506
5.785847770003378	1.4235786975978262	1.5998861475948942	0.003710682967149718	-0.2660328335254888	-0.09486466697318538	1678342758671
5.785847770003379	1.6562892645304035	1.8616855353940436	0.003710682967149718	-0.2660328335254888	-0.09486466697318538	1678342758837
5.785847770003379	1.7726445479966921	2.065307281460049	0.003710682967149718	-0.2660328335254888	-0.09486466697318538	1678342759005
5.785847770003379	1.8162777792965503	2.268929027526054	0.003710682967149718	-0.2660328335254888	-0.09486466697318538	1678342759172
5.785847770003379	1.8162777792965503	2.298017848392626	0.003710682967149718	-0.2660328335254888	-0.09486466697318538	1678342759341
5.785847770003379	1.8162777792965503	2.298017848392626	0.003710682967149718	-0.2660328335254888	-0.09486466697318538	1678342759504
5.785847770003379	1.8162777792965503	2.298017848392626	0.003710682967149718	-0.2660328335254888	-0.09486466697318538	1678342759673
5.785847770003379	1.8017333688632642	2.1962069753596234	0.003710682967149718	-0.2660328335254888	-0.09486466697318538	1678342759840
5.785847770003379	1.758100137563406	2.065307281460049	0.003710682967149718	-0.2660328335254888	-0.09486466697318538	1678342760007
5.785847770003379	1.758100137563406	2.065307281460049	0.003710682967149718	-0.2660328335254888	-0.09486466697318538	1678342760173
5.785847770003379	1.7435557271301199	2.0362184605934766	0.003710682967149718	-0.2660328335254888	-0.09486466697318538	1678342760352
5.785847770003379	1.74355572713012	2.1816625649263375	0.003710682967149718	-0.2660328335254888	-0.09486466697318538	1678342760516
5.785847770003379	1.6562892645304037	2.632539288358206	0.003710682967149718	-0.2660328335254888	-0.09486466697318538	1678342760682
5.785847770003379	1.6272004436638317	2.8943386761573557	0.003710682967149718	-0.2660328335254888	-0.09486466697318538	1678342760851
5.785847770003379	1.6272004436638317	3.0397827804902167	0.003710682967149718	-0.2660328335254888	-0.09486466697318538	1678342761034
5.785847770003379	1.5981116227972598	3.141591653589793	0.003710682967149718	-0.2660328335254888	-0.09486466697318538	1678342761201
5.785847770003379	1.5981116227972598	3.141591653589793	0.003710682967149718	-0.2660328335254888	-0.09486466697318538	1678342761383
5.785847770003379	1.5981116227972598	3.141591653589793	0.003710682967149718	-0.2660328335254888	-0.09486466697318538	1678342761565
5.785847770003379	1.5981116227972598	3.141591653589793	0.003710682967149718	-0.2660328335254888	-0.09486466697318538	1678342761736
5.785847770003379	1.5981116227972598	3.141591653589793	0.003710682967149718	-0.2660328335254888	-0.09486466697318538	1678342761906
5.785847770003379	1.4817563393301043	3.141591653589793	0.003710682967149718	-0.2660328335254888	-0.09486466697318538	1678342762083
5.78584777000338	1.161779309797514	3.083414011923223	0.003710682967149718	-0.2660328335254888	-0.09486466697318538	1678342762280
5.78584777000338	1.0454240263312253	2.6907149302244977	0.003710682967149718	-0.2660328335254888	-0.09486466697318538	1678342762496
5.78584777000338	1.0454240263312253	2.2834714380924876	0.003710682967149718	-0.2660328335254888	-0.09486466697318538	1678342762724
5.785847770003381	1.0163352054646533	2.0943941024597685	0.003710682967149718	-0.2660328335254888	-0.09486466697318538	1678342762947
5.785847770003381	1.0017907950313671	1.8907723563937635	0.003710682967149718	-0.2660328335254888	-0.09486466697318538	1678342763158
5.785847770003381	1.0017907950313671	1.788961483360761	0.003710682967149718	-0.2660328335254888	-0.09486466697318538	1678342763350
5.785847770003381	1.0017907950313671	1.585339737294756	0.003710682967149718	-0.2660328335254888	-0.09486466697318538	1678342763557
5.785847770003381	1.0017907950313671	1.4835288642617535	0.003710682967149718	-0.2660328335254888	-0.09486466697318538	1678342763759
5.785847770003381	1.0163352054646533	1.4398956329618953	0.003710682967149718	-0.2660328335254888	-0.09486466697318538	1678342763957
5.785847770003381	1.2199569515306583	1.3671735807954648	0.003710682967149718	-0.2660328335254888	-0.09486466697318538	1678342764158
5.785847770003379	1.4381231080299495	1.4398956329618953	0.003710682967149718	-0.2660328335254888	-0.09486466697318538	1678342764362
5.785847770003379	1.5544783914962381	1.4689844538284673	0.003710682967149718	-0.2660328335254888	-0.09486466697318538	1678342764572
5.785847770003379	1.8308221897286736	1.4980732746950394	0.003710682967149718	-0.2660328335254888	-0.09486466697318538	1678342764781
5.785847770003379	2.048988346227965	1.5271620955616114	0.003710682967149718	-0.2660328335254888	-0.09486466697318538	1678342764987
5.785847770003379	2.412598607060117	1.5271620955616114	0.003710682967149718	-0.2660328335254888	-0.09486466697318538	1678342765202
5.785847770003379	2.5144094800931196	1.4980732746950394	0.003710682967149718	-0.2660328335254888	-0.09486466697318538	1678342765393
5.785847770003379	2.5144094800931196	1.4980732746950394	0.003710682967149718	-0.2660328335254888	-0.09486466697318538	1678342765584
5.785847770003379	2.543498300959692	1.439895632961895	0.003710682967149718	-0.2660328335254888	-0.09486466697318538	1678342765769
5.785847770003378	2.9652862035249883	1.1344630138628873	0.003710682967149718	-0.2660328335254888	-0.09486466697318538	1678342765959
5.785847770003379	3.110730307857849	0.9453856782301683	0.003710682967149718	-0.2660328335254888	-0.09486466697318538	1678342766145
5.785847770003379	3.2998076434905683	0.7563083425974494	0.003710682967149718	-0.2660328335254888	-0.09486466697318538	1678342766336
5.785847770003379	-2.8524779697894433	0.698130700864305	0.003710682967149718	-0.2660328335254888	-0.09486466697318538	1678342766531
5.785847770003379	-2.8524779697894433	0.698130700864305	0.003710682967149718	-0.2660328335254888	-0.09486466697318538	1678342766720
5.785847770003379	-2.721578275889869	0.7708527530307353	0.003710682967149718	-0.2660328335254888	-0.09486466697318538	1678342766896
5.785847770003379	-2.721578275889869	0.887208036497024	0.003710682967149718	-0.2660328335254888	-0.09486466697318538	1678342767077
5.785847770003379	-2.7361226863231547	1.090829782563029	0.003710682967149718	-0.2660328335254888	-0.09486466697318538	1678342767276
5.785847770003379	-2.765211507189727	1.1926406555960316	0.003710682967149718	-0.2660328335254888	-0.09486466697318538	1678342767439
5.785847770003379	-2.808844738489585	1.3380847599288923	0.003710682967149718	-0.2660328335254888	-0.09486466697318538	1678342767599
5.785847770003379	-2.808844738489585	1.3671735807954644	0.003710682967149718	-0.2660328335254888	-0.09486466697318538	1678342767753
5.785847770003379	-2.808844738489585	1.3671735807954644	0.003710682967149718	-0.2660328335254888	-0.09486466697318538	1678342767909
5.785847770003379	-2.808844738489585	1.2508182973291757	0.003710682967149718	-0.2660328335254888	-0.09486466697318538	1678342768064
5.785847770003379	-2.808844738489585	1.105374192996315	0.003710682967149718	-0.2660328335254888	-0.09486466697318538	1678342768251
5.785847770003379	-2.808844738489585	1.0471965512631707	0.003710682967149718	-0.2660328335254888	-0.09486466697318538	1678342768491
5.785847770003379	-2.7361226863231547	1.0326521408298845	0.003710682967149718	-0.2660328335254888	-0.09486466697318538	1678342768693
5.785847770003379	-2.619767402856866	1.1490074242961732	0.003710682967149718	-0.2660328335254888	-0.09486466697318538	1678342768896
5.785847770003379	-2.5325009402571497	1.2362738868958896	0.003710682967149718	-0.2660328335254888	-0.09486466697318538	1678342769104
5.785847770003379	-2.4888677089572915	1.294451528629034	0.003710682967149718	-0.2660328335254888	-0.09486466697318538	1678342769312
5.785847770003379	-2.4743232985240056	1.2653627077624618	0.003710682967149718	-0.2660328335254888	-0.09486466697318538	1678342769511
5.785847770003379	-2.19797950029157	1.2653627077624618	0.003710682967149718	-0.2660328335254888	-0.09486466697318538	1678342769710
5.785847770003379	-1.7325583664264155	1.3817179912287505	0.003710682967149718	-0.2660328335254888	-0.09486466697318538	1678342769910
5.785847770003379	-1.0635154864952558	1.4253512225286087	0.003710682967149718	-0.2660328335254888	-0.09486466697318538	1678342770110
5.785847770003378	-0.8162605091293925	1.4253512225286087	0.003710682967149718	-0.2660328335254888	-0.09486466697318538	1678342770313
5.785847770003378	-0.8162605091293925	1.4253512225286087	0.003710682967149718	-0.2660328335254888	-0.09486466697318538	1678342770495
5.785847770003378	-0.8162605091293925	1.4253512225286087	0.003710682967149718	-0.2660328335254888	-0.09486466697318538	1678342770657
5.785847770003378	-1.0489710760619697	1.0762853721297427	0.003710682967149718	-0.2660328335254888	-0.09486466697318538	1678342770819
5.785847770003378	-1.2235040012614027	0.8726636260637376	0.003710682967149718	-0.2660328335254888	-0.09486466697318538	1678342770987
5.785847770003378	-1.3980369264608357	0.7126751112975906	0.003710682967149718	-0.2660328335254888	-0.09486466697318538	1678342771158
5.785847770003379	-1.5143922099271243	0.6399530591311604	0.003710682967149718	-0.2660328335254888	-0.09486466697318538	1678342771330
5.785847770003379	-1.5289366203604104	0.6254086486978746	0.003710682967149718	-0.2660328335254888	-0.09486466697318538	1678342771502
5.785847770003379	-1.5289366203604104	0.6254086486978746	0.003710682967149718	-0.2660328335254888	-0.09486466697318538	1678342771677
5.785847770003379	-1.4853033890605523	0.6399530591311606	0.003710682967149718	-0.2660328335254888	-0.09486466697318538	1678342771851
5.785847770003379	-1.441670157760694	0.7417639321641631	0.003710682967149718	-0.2660328335254888	-0.09486466697318538	1678342772028
5.785847770003379	-1.3980369264608359	0.8290303947638795	0.003710682967149718	-0.2660328335254888	-0.09486466697318538	1678342772203
5.785847770003379	-1.3980369264608359	0.8290303947638795	0.003710682967149718	-0.2660328335254888	-0.09486466697318538	1678342772370
5.785847770003379	-1.3689481055942638	0.8726636260637378	0.003710682967149718	-0.2660328335254888	-0.09486466697318538	1678342772539
5.785847770003378	-1.38349251602755	0.7126751112975909	0.003710682967149718	-0.2660328335254888	-0.09486466697318538	1678342772706
5.785847770003378	-1.38349251602755	0.7126751112975909	0.003710682967149718	-0.2660328335254888	-0.09486466697318538	1678342772878
5.785847770003378	-1.38349251602755	0.7126751112975909	0.003710682967149718	-0.2660328335254888	-0.09486466697318538	1678342773055
5.785847770003378	-1.38349251602755	0.7126751112975908	-0.062289673226300704	-0.3168160808885036	-0.12752702230941165	1678342773232
5.785847770003378	-1.38349251602755	0.7126751112975908	-0.16133070632654542	-0.37485407787480624	-0.28944062239948076	1678342773405
5.785847770003378	-1.38349251602755	0.7126751112975908	-0.1757444911929471	-0.3966183267446697	-0.23024497321641402	1678342773577
5.785847770003378	-1.38349251602755	0.7126751112975908	-0.057979368908143966	-0.3966183267446696	0.39112368181631607	1678342773749
5.785847770003378	-1.38349251602755	0.7126751112975908	-0.006376598057067598	-0.3748540778748061	0.5281497131699009	1678342773921
5.785847770003378	-1.38349251602755	0.7126751112975908	-0.0022444885032148563	-0.3748540778748061	0.5499521221184177	1678342774089
5.785847770003378	-1.38349251602755	0.7126751112975908	-0.0022444885032148563	-0.3748540778748061	0.5499521221184177	1678342774261
5.785847770003378	-1.38349251602755	0.7126751112975908	-0.0022444885032148563	-0.3748540778748061	0.5499521221184177	1678342774429
5.785847770003377	-1.9652689333589932	0.5381421860981578	-0.0022444885032148563	-0.3748540778748061	0.5499521221184177	1678342774598
5.785847770003377	-2.05253539595871	0.5090533652315854	-0.0022444885032148563	-0.3748540778748061	0.5499521221184177	1678342774773
5.785847770003377	-2.05253539595871	0.5090533652315854	-0.0022444885032148563	-0.3748540778748061	0.5499521221184177	1678342774951
6.090366073687765	-2.05253539595871	0.5090533652315855	-0.0022444885032148563	-0.3748540778748061	0.5499521221184177	1678342775127
6.410911656513436	-2.05253539595871	0.5090533652315853	-0.0022444885032148563	-0.3748540778748061	0.5499521221184177	1678342775300
6.748328059487827	-2.05253539595871	0.5090533652315853	-0.0022444885032148563	-0.3748540778748061	0.5499521221184177	1678342775465
7.103503220513502	-2.05253539595871	0.5090533652315853	-0.0022444885032148563	-0.3748540778748061	0.5499521221184177	1678342775625
7.477371811066844	-2.05253539595871	0.5090533652315853	-0.0022444885032148563	-0.3748540778748061	0.5499521221184177	1678342775782
7.870917695859835	-2.05253539595871	0.5090533652315855	-0.0022444885032148563	-0.3748540778748061	0.5499521221184177	1678342775943
7.870917695859836	-2.212523910724857	0.8435748051971654	-0.0022444885032148563	-0.3748540778748061	0.5499521221184177	1678342776096
7.870917695859835	-2.8233891489228724	1.5998841477280417	-0.0022444885032148563	-0.3748540778748061	0.5499521221184177	1678342776250
7.870917695859835	-2.939744432389161	1.7744170729274746	-0.0022444885032148563	-0.3748540778748061	0.5499521221184177	1678342776393
7.870917695859835	-2.939744432389161	1.7744170729274746	-0.0022444885032148563	-0.3748540778748061	0.5499521221184177	1678342776533
7.870917695859835	-2.939744432389161	1.7744170729274746	-0.0022444885032148563	-0.3748540778748061	0.5499521221184177	1678342776675
7.870917695859835	-2.939744432389161	1.7744170729274746	-0.0022444885032148563	-0.3748540778748061	0.5499521221184177	1678342776818
7.870917695859835	-2.779755917623014	1.6435173790278998	-0.0022444885032148563	-0.3748540778748061	0.5499521221184177	1678342776964
7.870917695859834	-2.5034121193905787	1.0908297825630289	-0.0022444885032148563	-0.3748540778748061	0.5499521221184177	1678342777108
7.870917695859834	-2.4597788880907205	0.930841267796882	-0.0022444885032148563	-0.3748540778748061	0.5499521221184177	1678342777257
7.870917695859833	-2.4597788880907205	0.8290303947638795	-0.0022444885032148563	-0.3748540778748061	0.5499521221184177	1678342777409
7.870917695859833	-2.4016012463575764	0.7272195217308771	-0.0022444885032148563	-0.3748540778748061	0.5499521221184177	1678342777561
7.870917695859832	-2.532500940257151	0.9453856782301685	-0.0022444885032148563	-0.3748540778748061	0.5499521221184177	1678342777712
7.870917695859832	-2.9106556115225892	1.23627388689589	-0.0022444885032148563	-0.3748540778748061	0.5499521221184177	1678342777864
7.870917695859832	-3.216088230621597	1.4544400433951812	-0.0022444885032148563	-0.3748540778748061	0.5499521221184177	1678342778015
7.870917695859832	2.7180312261591237	1.7307838416276167	-0.0022444885032148563	-0.3748540778748061	0.5499521221184177	1678342778164
7.870917695859832	2.616220353126121	1.788961483360761	-0.0022444885032148563	-0.3748540778748061	0.5499521221184177	1678342778309
7.870917695859832	2.616220353126121	1.788961483360761	-0.0022444885032148563	-0.3748540778748061	0.5499521221184177	1678342778452
7.870917695859832	2.616220353126121	1.788961483360761	-0.0022444885032148563	-0.3748540778748061	0.5499521221184177	1678342778596
7.870917695859832	2.616220353126121	1.788961483360761	-0.0022444885032148563	-0.3748540778748061	0.5499521221184177	1678342778744
7.870917695859832	2.659853584425979	1.788961483360761	-0.0022444885032148563	-0.3748540778748061	0.5499521221184177	1678342778889
7.870917695859832	2.7034868157258374	1.5126176851283255	-0.0022444885032148563	-0.3748540778748061	0.5499521221184177	1678342779039
7.870917695859832	2.2962433235938273	1.2799071181957482	-0.0022444885032148563	-0.3748540778748061	0.5499521221184177	1678342779190
7.8709176958598315	2.1507992192609664	1.2217294764626039	-0.0022444885032148563	-0.3748540778748061	0.5499521221184177	1678342779338
7.8709176958598315	2.121710398394394	1.2217294764626039	-0.0022444885032148563	-0.3748540778748061	0.5499521221184177	1678342779485
7.8709176958598315	2.107165987961108	1.2217294764626039	-0.0022444885032148563	-0.3748540778748061	0.5499521221184177	1678342779633
7.8709176958598315	2.034443935794678	1.2217294764626039	-0.0022444885032148563	-0.3748540778748061	0.5499521221184177	1678342779784
7.8709176958598315	2.034443935794678	1.2217294764626039	-0.0022444885032148563	-0.3748540778748061	0.5499521221184177	1678342779940
7.870917695859832	2.0198995253613923	1.23627388689589	-0.0022444885032148563	-0.3748540778748061	0.5499521221184177	1678342780087
7.870917695859832	2.0198995253613923	1.23627388689589	-0.0022444885032148563	-0.3748540778748061	0.5499521221184177	1678342780240
7.870917695859832	2.0198995253613923	1.23627388689589	-0.0022444885032148563	-0.3748540778748061	0.5499521221184177	1678342780389
7.870917695859832	2.0198995253613923	1.2508182973291762	-0.0022444885032148563	-0.3748540778748061	0.5499521221184177	1678342780548
7.870917695859833	2.121710398394395	1.2508182973291762	-0.0022444885032148563	-0.3748540778748061	0.5499521221184177	1678342780701
7.870917695859833	2.121710398394395	1.2508182973291762	-0.0022444885032148563	-0.3748540778748061	0.5499521221184177	1678342780851
7.477371811066841	2.121710398394395	1.2508182973291762	-0.0022444885032148563	-0.3748540778748061	0.5499521221184177	1678342781034
7.103503220513499	2.121710398394395	1.2508182973291762	-0.0022444885032148563	-0.3748540778748061	0.5499521221184177	1678342781260
6.748328059487823	2.121710398394395	1.2508182973291762	-0.0022444885032148563	-0.3748540778748061	0.5499521221184177	1678342781477
6.4109116565134325	2.121710398394395	1.2508182973291762	-0.0022444885032148563	-0.3748540778748061	0.5499521221184177	1678342781684
6.410911656513432	2.4416874279266887	1.0181077303965989	-0.0022444885032148563	-0.3748540778748061	0.5499521221184177	1678342781890
6.410911656513432	3.561607031289717	0.23270956699915057	-0.0022444885032148563	-0.3748540778748061	0.5499521221184177	1678342782099
6.4109116565134325	-2.387056835924289	0.11635428353286219	-0.0022444885032148563	-0.3748540778748061	0.5499521221184177	1678342782295
6.4109116565134325	-2.387056835924289	0.11635428353286219	-0.0022444885032148563	-0.3748540778748061	0.5499521221184177	1678342782477
6.4109116565134325	-2.4743232985240056	0.2327095669991514	-0.0022444885032148563	-0.3748540778748061	0.5499521221184177	1678342782671
6.410911656513432	-2.7797559176230133	0.6544974695644477	-0.0022444885032148563	-0.3748540778748061	0.5499521221184177	1678342782873
6.4109116565134325	-3.0706441262887347	0.712675111297592	-0.0022444885032148563	-0.3748540778748061	0.5499521221184177	1678342783081
6.410911656513433	-3.157910588888451	0.7563083425974503	-0.0022444885032148563	-0.3748540778748061	0.5499521221184177	1678342783287
6.410911656513433	2.9216529722251305	0.9162968573635972	-0.0022444885032148563	-0.3748540778748061	0.5499521221184177	1678342783496
6.410911656513433	2.9071085617918446	1.1199186034296023	-0.0022444885032148563	-0.3748540778748061	0.5499521221184177	1678342783705
6.410911656513434	2.8925641513585587	1.454440043395182	-0.0022444885032148563	-0.3748540778748061	0.5499521221184177	1678342783914
6.410911656513434	2.8489309200587005	1.614428558161329	-0.0022444885032148563	-0.3748540778748061	0.5499521221184177	1678342784074
6.410911656513434	2.8198420991921282	1.7162394311943314	-0.0022444885032148563	-0.3748540778748061	0.5499521221184177	1678342784228
6.410911656513434	2.8198420991921282	1.7162394311943314	-0.0022444885032148563	-0.3748540778748061	0.5499521221184177	1678342784379
6.410911656513434	2.8198420991921282	1.7162394311943314	-0.0022444885032148563	-0.3748540778748061	0.5499521221184177	1678342784533
6.410911656513434	2.8198420991921282	1.7162394311943314	-0.0022444885032148563	-0.3748540778748061	0.5499521221184177	1678342784685
6.410911656513434	2.8198420991921282	1.7016950207610453	-0.0022444885032148563	-0.3748540778748061	0.5499521221184177	1678342784838
6.410911656513433	2.238065681860685	1.4253512225286098	-0.0022444885032148563	-0.3748540778748061	0.5499521221184177	1678342784996
6.4109116565134325	2.1217103983943963	1.3817179912287516	-0.0022444885032148563	-0.3748540778748061	0.5499521221184177	1678342785159
6.4109116565134325	2.0635327566612522	1.3671735807954655	-0.0022444885032148563	-0.3748540778748061	0.5499521221184177	1678342785319
6.4109116565134325	2.019899525361394	1.3671735807954655	-0.0022444885032148563	-0.3748540778748061	0.5499521221184177	1678342785479
6.4109116565134325	2.019899525361394	1.3671735807954655	-0.0022444885032148563	-0.3748540778748061	0.5499521221184177	1678342785638
6.4109116565134325	2.019899525361394	1.3671735807954655	-0.10365701482018291	-0.3748540778748061	0.3395306354899851	1678342785800
6.4109116565134325	2.019899525361394	1.3671735807954655	-0.2958070646839118	-0.3748540778748061	-0.059162707595466324	1678342785964
6.4109116565134325	2.019899525361394	1.3671735807954655	-0.44525710346681213	-0.3748540778748061	-0.3692575299952619	1678342786127
6.4109116565134325	2.019899525361394	1.3671735807954655	-0.5885112056114072	-0.3507742138265698	-0.6550440386250477	1678342786291
6.4109116565134325	2.019899525361394	1.3671735807954655	-0.7527795406027631	-0.2424148256095064	-0.9443499697454549	1678342786451
6.4109116565134325	2.019899525361394	1.3671735807954655	-0.7906647128580361	-0.1822151654889156	-0.9943273361775002	1678342786610
6.4109116565134325	2.019899525361394	1.3671735807954655	-0.7906647128580361	-0.1822151654889156	-0.9943273361775002	1678342786768
6.4109116565134325	2.019899525361394	1.3671735807954655	-0.7906647128580361	-0.1822151654889156	-0.9943273361775002	1678342786931
6.4109116565134325	2.019899525361394	1.3671735807954655	-0.7906647128580361	-0.1822151654889156	-0.9943273361775002	1678342787093
6.090366073687761	2.019899525361394	1.3671735807954655	-0.7906647128580361	-0.1822151654889156	-0.9943273361775002	1678342787258
5.785847770003373	2.019899525361394	1.3671735807954655	-0.7906647128580361	-0.1822151654889156	-0.9943273361775002	1678342787425
5.496555381503204	2.019899525361394	1.3671735807954655	-0.7906647128580361	-0.1822151654889156	-0.9943273361775002	1678342787589
5.221727612428043	2.019899525361394	1.3671735807954655	-0.7906647128580361	-0.1822151654889156	-0.9943273361775002	1678342787752
5.221727612428043	2.019899525361394	1.3671735807954655	-0.7906647128580361	-0.1822151654889156	-0.9943273361775002	1678342787918
5.221727612428043	2.019899525361394	1.3671735807954655	-0.7906647128580361	-0.1822151654889156	-0.9943273361775002	1678342788081
5.221727612428043	2.019899525361394	1.3671735807954655	-0.7906647128580361	-0.1822151654889156	-0.9943273361775002	1678342788245
5.221727612428043	2.019899525361394	1.3671735807954655	-0.7906647128580361	-0.1822151654889156	-0.9943273361775002	1678342788407
5.221727612428043	2.019899525361394	1.3671735807954655	-0.7906647128580361	-0.1822151654889156	-0.9943273361775002	1678342788571
5.221727612428043	2.019899525361394	1.3671735807954655	-0.7943129402166336	-0.16260196572247682	-0.9925690748946714	1678342788733
5.221727612428043	2.019899525361394	1.3671735807954655	-0.8399157821991025	0.082563031358008	-0.9705908088593113	1678342788901
5.221727612428043	2.019899525361394	1.3671735807954655	-0.8684024001889296	0.259081829255957	-0.9457459512089493	1678342789065
5.221727612428043	2.019899525361394	1.3671735807954655	-0.9267740379264898	0.5728930255189775	-0.9176137706836883	1678342789234
5.221727612428043	2.019899525361394	1.3671735807954655	-1.016155608212129	1.0534164197967275	-0.8745363692543825	1678342789391
5.221727612428043	2.019899525361394	1.3671735807954655	-1.0430916014802176	1.1514824186289214	-0.8837860750500437	1678342789527
5.221727612428043	2.019899525361394	1.3671735807954655	-1.0816714777030518	1.288774816993993	-0.8985397643849499	1678342789657
5.221727612428043	2.019899525361394	1.3671735807954655	-1.1053849555339357	1.416260615475845	-0.8871110660465626	1678342789780
5.221727612428043	2.019899525361394	1.3671735807954655	-1.1126814102511307	1.4554870150087227	-0.883594543480905	1678342789897
5.221727612428043	2.019899525361394	1.3671735807954655	-1.1126814102511307	1.4554870150087227	-0.883594543480905	1678342790013
4.9606412318066395	2.019899525361394	1.3671735807954655	-1.1126814102511307	1.4554870150087227	-0.883594543480905	1678342790132
4.712609170216306	2.019899525361394	1.3671735807954655	-1.1126814102511307	1.4554870150087227	-0.883594543480905	1678342790271
4.712609170216306	2.019899525361394	1.3671735807954655	-1.1126814102511307	1.4554870150087227	-0.883594543480905	1678342790388
4.476978711705491	2.019899525361394	1.3671735807954655	-1.1126814102511307	1.4554870150087227	-0.883594543480905	1678342790506
4.2531297761202165	2.019899525361394	1.3671735807954655	-1.1126814102511307	1.4554870150087227	-0.883594543480905	1678342790629
4.040473287314206	2.019899525361394	1.3671735807954655	-1.1126814102511307	1.4554870150087227	-0.883594543480905	1678342790753
3.8384496229484952	2.019899525361394	1.3671735807954655	-1.1126814102511307	1.4554870150087227	-0.883594543480905	1678342790879
3.6465271418010703	2.019899525361394	1.3671735807954655	-1.1126814102511307	1.4554870150087227	-0.883594543480905	1678342791016
3.4642007847110166	2.019899525361394	1.3671735807954655	-1.1126814102511307	1.4554870150087227	-0.883594543480905	1678342791148
3.2909907454754657	2.019899525361394	1.3671735807954655	-1.1126814102511307	1.4554870150087227	-0.883594543480905	1678342791328
3.1264412082016917	2.019899525361394	1.3671735807954655	-1.1126814102511307	1.4554870150087227	-0.883594543480905	1678342791502
3.1264412082016917	2.019899525361394	1.3671735807954655	-1.1126814102511307	1.4554870150087227	-0.883594543480905	1678342791678
2.970119147791607	2.019899525361394	1.3671735807954655	-1.1126814102511307	1.4554870150087227	-0.883594543480905	1678342791846
2.821613190402026	2.019899525361394	1.3671735807954655	-1.1126814102511307	1.4554870150087227	-0.883594543480905	1678342792018
2.821613190402026	2.019899525361394	1.3671735807954655	-1.1126814102511307	1.4554870150087227	-0.883594543480905	1678342792189
2.821613190402026	2.514409480093121	1.6289729685946148	-1.1126814102511307	1.4554870150087227	-0.883594543480905	1678342792364
2.8216131904020263	2.718031226159126	1.9053167668270503	-1.1126814102511307	1.4554870150087227	-0.883594543480905	1678342792536
2.8216131904020263	2.8343865096254146	2.2980158485257745	-1.1126814102511307	1.4554870150087227	-0.883594543480905	1678342792697
2.8216131904020263	2.8489309200587005	2.4434599528586354	-1.1126814102511307	1.4554870150087227	-0.883594543480905	1678342792844
2.8216131904020263	2.8489309200587005	2.4434599528586354	-1.1126814102511307	1.4554870150087227	-0.883594543480905	1678342792990
2.8216131904020263	2.8052976887588423	2.399826721558777	-1.1126814102511307	1.4554870150087227	-0.883594543480905	1678342793137
2.8216131904020263	2.616220353126123	2.0798496920264835	-1.1126814102511307	1.4554870150087227	-0.883594543480905	1678342793285
2.8216131904020263	2.528953890526407	1.9198611772603367	-1.1126814102511307	1.4554870150087227	-0.883594543480905	1678342793436
2.8216131904020263	2.4853206592265487	1.803505893794048	-1.1126814102511307	1.4554870150087227	-0.883594543480905	1678342793577
2.8216131904020263	2.4416874279266905	1.7016950207610455	-1.1126814102511307	1.4554870150087227	-0.883594543480905	1678342793717
2.8216131904020263	2.4416874279266905	1.7016950207610455	-1.1126814102511307	1.4554870150087227	-0.883594543480905	1678342793858
2.8216131904020263	2.4416874279266905	1.7016950207610455	-1.1126814102511307	1.4554870150087227	-0.883594543480905	1678342794000
2.8216131904020263	2.4416874279266905	1.7016950207610455	-1.1126814102511307	1.4554870150087227	-0.883594543480905	1678342794141
2.8216131904020263	2.4416874279266905	1.7016950207610455	-1.1126814102511307	1.4554870150087227	-0.883594543480905	1678342794280
2.8216131904020263	2.1944324505608273	1.6871506103277594	-1.1126814102511307	1.4554870150087227	-0.883594543480905	1678342794425
2.8216131904020263	2.0489883462279663	1.6726061998944732	-1.1126814102511307	1.4554870150087227	-0.883594543480905	1678342794570
2.8216131904020263	1.8744554210285334	1.628972968594615	-1.1126814102511307	1.4554870150087227	-0.883594543480905	1678342794709
2.8216131904020263	1.6853780853958142	1.599884147728043	-1.1126814102511307	1.4554870150087227	-0.883594543480905	1678342794843
2.8216131904020263	1.5835672123628117	1.599884147728043	-1.1126814102511307	1.4554870150087227	-0.883594543480905	1678342794974
2.8216131904020263	1.467211928896523	1.628972968594615	-1.1126814102511307	1.4554870150087227	-0.883594543480905	1678342795099
2.8216131904020263	1.3072234141303762	1.658061789461187	-1.1126814102511307	1.4554870150087227	-0.883594543480905	1678342795226
2.821613190402026	1.2054125410973737	1.7016950207610453	-1.1126814102511307	1.4554870150087227	-0.883594543480905	1678342795352
2.821613190402026	1.2054125410973737	1.9489499981269087	-1.1126814102511307	1.4554870150087227	-0.883594543480905	1678342795489
2.821613190402026	1.2054125410973737	2.3271046693923467	-1.1126814102511307	1.4554870150087227	-0.883594543480905	1678342795633
2.821613190402026	1.2054125410973737	2.399826721558777	-1.1126814102511307	1.4554870150087227	-0.883594543480905	1678342795775
2.821613190402026	1.2054125410973737	2.399826721558777	-1.1126814102511307	1.4554870150087227	-0.883594543480905	1678342795918
2.821613190402026	1.2054125410973737	2.399826721558777	-1.1126814102511307	1.4554870150087227	-0.883594543480905	1678342796059
2.821613190402026	1.2054125410973737	2.399826721558777	-1.1126814102511307	1.4554870150087227	-0.883594543480905	1678342796203
2.821613190402026	1.2054125410973737	2.399826721558777	-1.1126814102511307	1.4554870150087227	-0.883594543480905	1678342796344
2.9701191477916056	1.2054125410973737	2.399826721558777	-1.1126814102511307	1.4554870150087227	-0.883594543480905	1678342796484
3.12644120820169	1.2054125410973737	2.399826721558777	-1.1126814102511307	1.4554870150087227	-0.883594543480905	1678342796630
3.290990745475463	1.2054125410973737	2.399826721558777	-1.1126814102511307	1.4554870150087227	-0.883594543480905	1678342796777
3.4642007847110134	1.2054125410973737	2.399826721558777	-1.1126814102511307	1.4554870150087227	-0.883594543480905	1678342796929
3.6465271418010667	1.2054125410973737	2.399826721558777	-1.1126814102511307	1.4554870150087227	-0.883594543480905	1678342797105
3.8384496229484912	1.2054125410973737	2.399826721558777	-1.1126814102511307	1.4554870150087227	-0.883594543480905	1678342797295
3.8384496229484912	1.2054125410973737	2.399826721558777	-1.1126814102511307	1.4554870150087227	-0.883594543480905	1678342797473
3.838449622948491	1.2199569515306599	1.8471391250939062	-1.1126814102511307	1.4554870150087227	-0.883594543480905	1678342797648
3.838449622948491	1.1326904889309435	1.5126176851283264	-1.1126814102511307	1.4554870150087227	-0.883594543480905	1678342797790
3.8384496229484903	1.1181460784976573	1.3817179912287516	-1.1126814102511307	1.4554870150087227	-0.883594543480905	1678342797924
3.8384496229484903	1.1181460784976573	1.3817179912287516	-1.1126814102511307	1.4554870150087227	-0.883594543480905	1678342798047
3.8384496229484903	1.1036016680643712	1.3380847599288934	-1.1126814102511307	1.4554870150087227	-0.883594543480905	1678342798173
3.8384496229484903	1.1036016680643712	1.3380847599288934	-1.1126814102511307	1.4554870150087227	-0.883594543480905	1678342798295
3.8384496229484903	1.059968436764513	1.7744170729274757	-1.1126814102511307	1.4554870150087227	-0.883594543480905	1678342798418
3.838449622948491	1.089057257631085	1.8471391250939062	-1.1126814102511307	1.4554870150087227	-0.883594543480905	1678342798551
3.838449622948491	1.29267900369709	1.9344055876936226	-1.1126814102511307	1.4554870150087227	-0.883594543480905	1678342798684
3.838449622948491	2.005355114928108	2.1089385128930553	-1.1126814102511307	1.4554870150087227	-0.883594543480905	1678342798822
3.838449622948491	2.005355114928108	2.1089385128930553	-1.1126814102511307	1.4554870150087227	-0.883594543480905	1678342798955
3.838449622948491	1.976266294061536	2.1089385128930553	-1.1126814102511307	1.4554870150087227	-0.883594543480905	1678342799088
3.838449622948491	1.947177473194964	2.0943941024597694	-1.1126814102511307	1.4554870150087227	-0.883594543480905	1678342799223
3.838449622948491	1.947177473194964	2.0943941024597694	-1.1126814102511307	1.4554870150087227	-0.883594543480905	1678342799357
3.838449622948491	1.947177473194964	2.0943941024597694	-1.1126814102511307	1.4554870150087227	-0.883594543480905	1678342799499
3.838449622948491	1.947177473194964	2.0943941024597694	-1.1126814102511307	1.4554870150087227	-0.883594543480905	1678342799641
3.838449622948491	1.947177473194964	2.0943941024597694	-1.1126814102511307	1.4554870150087227	-0.883594543480905	1678342799777
3.838449622948491	1.947177473194964	2.0943941024597694	-1.1126814102511307	1.4554870150087227	-0.883594543480905	1678342799915
3.838449622948491	1.947177473194964	2.0943941024597694	-1.1126814102511307	1.4554870150087227	-0.883594543480905	1678342800052
3.838449622948491	1.947177473194964	2.0943941024597694	-1.1126814102511307	1.4554870150087227	-0.883594543480905	1678342800188
8.721238444166055	2.0344439357957027	1.5593298140946197	0	0	0	1678342800325
8.721238444166055	2.0344439357957027	1.5593298140946197	0	0	0	1678342800471
8.721238444166055	2.0344439357957027	1.5593298140946197	0	0	0	1678342800616
8.721238444166055	2.0344439357957027	1.5593298140946197	0	0	0	1678342800757
8.721238444166056	1.9762662940625584	1.6029630453944779	0	0	0	1678342800902
8.721238444166056	1.9471774731959863	1.63205186626105	0	0	0	1678342801043
8.721238444166056	1.9471774731959863	1.63205186626105	0	0	0	1678342801249
8.721238444166056	1.9471774731959863	1.63205186626105	0	0	0	1678342801452
8.285176521957753	1.9471774731959866	1.63205186626105	0	0	0	1678342801647
7.870917695859864	1.9471774731959866	1.63205186626105	0	0	0	1678342801825
7.477371811066871	1.9471774731959868	1.63205186626105	0	0	0	1678342802007
7.103503220513527	1.947177473195987	1.63205186626105	0	0	0	1678342802189
6.74832805948785	1.947177473195987	1.63205186626105	0	0	0	1678342802369
6.74832805948785	1.947177473195987	1.63205186626105	0	0	0	1678342802566
6.748328059487849	1.4381231080309744	1.4138857097617588	0	0	0	1678342802765
6.748328059487849	0.4781920194340933	1.457518941061617	0	0	0	1678342802963
6.748328059487849	0.2891146838013743	1.3702524784619006	0	0	0	1678342803149
6.748328059487849	0.2891146838013743	1.3702524784619006	0	0	0	1678342803330
6.748328059487849	0.2891146838013743	1.3702524784619006	0	0	0	1678342803518
6.748328059487849	1.0454240263322503	1.1666307323958955	0	0	0	1678342803704
6.748328059487849	2.194432450561851	1.1666307323958955	0	0	0	1678342803892
6.748328059487848	3.19799677045859	1.1375419115293235	0	0	0	1678342804085
6.748328059487847	-2.6488562237224142	1.1375419115293235	0	0	0	1678342804273
6.748328059487847	-2.401601246356551	1.1375419115293235	0	0	0	1678342804449
6.748328059487847	-2.357968015056693	1.1375419115293235	0	0	0	1678342804629
6.748328059487847	-2.357968015056693	1.1375419115293235	0	0	0	1678342804799
6.7483280594878465	-2.750667096755417	1.5593298140946197	0	0	0	1678342804972
6.748328059487847	-3.2888102827870016	1.8065847914604831	0	0	0	1678342805126
6.748328059487847	2.6889424052935773	1.981117716659916	0	0	0	1678342805280
6.748328059487847	2.499865069660858	2.2138282835924934	0	0	0	1678342805434
6.748328059487847	2.456231838361	2.2720059253256375	0	0	0	1678342805590
6.748328059487847	2.499865069660858	2.184739462725921	0	0	0	1678342805746
6.748328059487847	2.616220353127147	2.1120174105594907	0	0	0	1678342805902
6.7483280594878465	2.805297688759866	1.8356736123270552	0	0	0	1678342806057
6.748328059487846	2.86347533049301	1.7338627392940527	0	0	0	1678342806209
6.748328059487846	2.86347533049301	1.7338627392940527	0	0	0	1678342806358
6.748328059487846	2.86347533049301	1.7338627392940527	0	0	0	1678342806510
6.748328059487846	2.86347533049301	1.7338627392940527	0	0	0	1678342806664
6.410911656513453	2.86347533049301	1.7338627392940527	0	0	0	1678342806814
6.09036607368778	2.86347533049301	1.7338627392940527	0	0	0	1678342806970
5.78584777000339	2.86347533049301	1.7338627392940527	0	0	0	1678342807127
5.496555381503221	2.86347533049301	1.7338627392940527	0	0	0	1678342807286
5.221727612428061	2.86347533049301	1.7338627392940527	0	0	0	1678342807448
5.221727612428061	3.8670396503897493	0.5121322628980218	0	0	0	1678342807620
5.221727612428061	-1.5434810307926723	0.000001	0	0	0	1678342807796
5.221727612428061	-1.2089595908270925	0.18907833567716834	0	0	0	1678342807984
5.221727612428061	-1.0780598969275177	0.18907833567716828	0	0	0	1678342808166
5.22172761242806	-1.1071487177940897	0.40724449217645947	0	0	0	1678342808348
5.22172761242806	-1.4562145681929557	0.8144879843084695	0	0	0	1678342808530
5.22172761242806	-2.067079806390971	1.0326541408077607	0	0	0	1678342808710
5.22172761242806	-2.5761341715559842	1.2362758868737658	0	0	0	1678342808890
5.221727612428061	-2.6488562237224147	1.279909118173624	0	0	0	1678342809064
5.221727612428062	-2.707033865455559	1.29445352860691	0	0	0	1678342809234
5.221727612428062	-2.765211507188703	1.3235423494734821	0	0	0	1678342809401
5.2217276124280625	-2.779755917621989	1.3380867599067683	0	0	0	1678342809572
5.2217276124280625	-3.114277357587569	1.468986453806343	0	0	0	1678342809739
5.2217276124280625	-3.2597214619204298	1.5126196851062013	0	0	0	1678342809909
5.2217276124280625	2.921652972226154	1.5417085059727733	0	0	0	1678342810074
5.2217276124280625	2.8198420991931514	1.5562529164060594	0	0	0	1678342810240
5.2217276124280625	2.587131532260574	1.483530864239629	0	0	0	1678342810405
5.2217276124280625	2.2671545027282805	1.3235423494734821	0	0	0	1678342810582
5.2217276124280625	1.9617218836292727	1.3380867599067683	0	0	0	1678342810750
5.221727612428063	1.816277779296412	1.454442043373057	0	0	0	1678342810920
5.221727612428063	1.8017333688631259	1.468986453806343	0	0	0	1678342811086
5.221727612428063	1.8017333688631259	1.468986453806343	0	0	0	1678342811253
5.221727612428063	1.8017333688631259	1.4980752746729151	0	0	0	1678342811419
5.2217276124280625	1.8162777792964122	1.5853417372726315	0	0	0	1678342811587
5.2217276124280625	1.8162777792964122	1.5853417372726315	0	0	0	1678342811757
5.2217276124280625	1.8162777792964122	1.5853417372726315	0	0	0	1678342811931
5.2217276124280625	1.8162777792964122	1.5853417372726315	0	0	0	1678342812107
5.2217276124280625	1.8162777792964122	1.5853417372726315	0	0	0	1678342812280
5.2217276124280625	1.8599110105962706	1.5562529164060594	0	0	0	1678342812451
5.2217276124280625	1.3217678245646858	1.847141125071781	0	0	0	1678342812623
5.2217276124280625	1.3217678245646858	1.9198631772382115	0	0	0	1678342812798
5.2217276124280625	1.3217678245646858	1.9198631772382115	0	0	0	1678342812979
5.2217276124280625	1.336312234997972	1.9198631772382115	0	0	0	1678342813190
5.2217276124280625	1.7435557271299822	1.7307858416054924	0	0	0	1678342813401
5.2217276124280625	1.9471774731959874	1.468986453806343	0	0	0	1678342813603
5.2217276124280625	1.9471774731959874	1.250820297307052	0	0	0	1678342813771
5.2217276124280625	1.9471774731959874	0.9744764990746164	0	0	0	1678342813948
5.221727612428062	1.9471774731959874	1.2071870660071937	0	0	0	1678342814116
5.221727612428062	1.9617218836292736	1.2799091181736242	0	0	0	1678342814284
5.221727612428062	1.9617218836292738	1.3089979390401962	0	0	0	1678342814454
5.221727612428062	1.961721883629274	1.4253532225064849	0	0	0	1678342814625
5.221727612428062	1.9617218836292742	1.454442043373057	0	0	0	1678342814792
5.221727612428062	1.9617218836292742	1.454442043373057	0	0	0	1678342814963
5.221727612428062	1.9617218836292742	1.454442043373057	0	0	0	1678342815162
5.221727612428062	1.9617218836292742	1.454442043373057	0	0	0	1678342815335
5.496555381503223	1.9617218836292742	1.454442043373057	0	0	0	1678342815572
5.785847770003393	1.9617218836292742	1.454442043373057	0	0	0	1678342815805
5.785847770003393	1.9617218836292742	1.454442043373057	0	0	0	1678342816012
6.090366073687782	1.9617218836292742	1.454442043373057	0	0	0	1678342816220
6.410911656513455	1.9617218836292742	1.454442043373057	0	0	0	1678342816429
6.410911656513455	1.9617218836292742	1.454442043373057	0	0	0	1678342816631
6.410911656513455	2.4271430174944286	1.250820297307052	0	0	0	1678342816830
6.410911656513455	2.8780197409262973	1.2362758868737658	0	0	0	1678342817031
6.410911656513455	3.0816414869923023	1.2653647077403378	0	0	0	1678342817224
6.410911656513455	3.1689079495920187	1.2653647077403378	0	0	0	1678342817391
6.410911656513455	-3.0851885367209957	1.4253532225064847	0	0	0	1678342817546
6.410911656513455	-3.128821768020854	1.6144305581392038	0	0	0	1678342817701
6.410911656513455	-3.128821768020854	1.658063789439062	0	0	0	1678342817853
6.410911656513455	-3.14336617845414	1.672608199872348	0	0	0	1678342818006
6.410911656513455	-3.14336617845414	1.672608199872348	0	0	0	1678342818160
6.410911656513455	3.0670970765590164	1.6144305581392038	0	0	0	1678342818314
6.410911656513455	2.9798306139593	1.3817199912066265	0	0	0	1678342818468
6.410911656513455	2.965286203526014	1.3235423494734821	0	0	0	1678342818656
6.410911656513455	2.965286203526014	1.3235423494734821	0	0	0	1678342818811
6.410911656513456	2.761664457460009	1.3235423494734821	0	0	0	1678342818970
6.410911656513456	2.703486815726865	1.3235423494734821	0	0	0	1678342819135
6.410911656513456	2.703486815726865	1.3235423494734821	0	0	0	1678342819372
6.4109116565134565	0.6818137655001002	1.3235423494734821	0	0	0	1678342819602
6.4109116565134565	0.17275940033508752	1.2508202973070517	0	0	0	1678342819805
6.4109116565134565	0.17275940033508752	1.2508202973070517	0	0	0	1678342819989
6.4109116565134565	0.17275940033508752	1.2508202973070517	0	0	0	1678342820173
6.4109116565134565	0.3618367359678065	1.2799091181736237	0	0	0	1678342820357
6.4109116565134565	0.3763811464010926	1.2944535286069099	0	0	0	1678342820532
6.4109116565134565	0.4636476090008091	1.2799091181736237	0	0	0	1678342820712
6.4109116565134565	0.5945473029003837	1.2653647077403376	0	0	0	1678342820889
6.4109116565134565	0.7109025863666724	1.2653647077403376	0	0	0	1678342821079
6.4109116565134565	0.6672693550668142	1.2799091181736237	0	0	0	1678342821264
6.4109116565134565	-1.005337844761085	1.3962644016399124	0	0	0	1678342821447
6.4109116565134565	-1.2525928221269484	1.4689864538063429	0	0	0	1678342821635
6.410911656513457	-1.2962260534268066	1.483530864239629	0	0	0	1678342821827
6.410911656513457	-1.2962260534268066	1.483530864239629	0	0	0	1678342822028
6.410911656513457	-1.2962260534268066	1.483530864239629	0	0	0	1678342822193
6.410911656513457	-1.3107704638600928	1.105376192974191	0	0	0	1678342822348
6.410911656513457	-1.3107704638600928	1.105376192974191	0	0	0	1678342822505
6.410911656513457	-1.3107704638600928	1.105376192974191	0	0	0	1678342822660
6.410911656513457	-1.165326359527232	1.105376192974191	0	0	0	1678342822817
6.4109116565134565	-0.6417275839289333	1.2071870660071935	0	0	0	1678342822978
6.4109116565134565	0.1727594003350872	1.2508202973070517	0	0	0	1678342823135
6.4109116565134565	1.409034287164404	1.0762873721076187	0	0	0	1678342823287
6.4109116565134565	1.7290113166966976	1.0326541408077605	0	0	0	1678342823443
6.4109116565134565	1.7290113166966976	1.0326541408077605	0	0	0	1678342823605
6.4109116565134565	1.7290113166966976	1.0326541408077605	0	0	0	1678342823761
6.410911656513457	2.2235212714284245	1.1780982451406212	0	0	0	1678342823919
6.410911656513457	2.296243323594855	1.1490094242740492	0	0	0	1678342824077
